id,status,reported,modified,component,version,platform,importance,flags,cc_list,comments,url,category,reporter,depends,blocks,attempts,loc_per_attempt,reopened
727287,RESOLVED FIXED,2012-02-14 15:52,2012-02-17 05:12,General,unspecified,ARM Gonk (Firefox OS),-- normal,,1,7,https://bugzilla.mozilla.org/show_bug.cgi?id=727287,,Fabrice Desré [:fabrice],0,0,1,29,0
796449,NEW,2012-10-01 21:11,2012-10-15 15:16,Gaia,unspecified,All All,-- normal,blocking-basecamp: -,6,11,https://bugzilla.mozilla.org/show_bug.cgi?id=796449,,GH to BZ,0,0,0,0,0
796462,NEW,2012-10-01 21:19,2012-11-10 09:22,Gaia::System,unspecified,All All,-- normal,,2,1,https://bugzilla.mozilla.org/show_bug.cgi?id=796462,,GH to BZ,0,0,0,0,0
796632,NEW,2012-10-01 22:38,2012-11-10 09:16,Gaia::System,unspecified,All All,-- normal,,0,0,https://bugzilla.mozilla.org/show_bug.cgi?id=796632,,GH to BZ,0,0,0,0,0
796794,NEW,2012-10-01 23:31,2012-12-20 10:06,Gaia::System,unspecified,All All,-- normal,,1,2,https://bugzilla.mozilla.org/show_bug.cgi?id=796794,,GH to BZ,0,0,0,0,0
801501,VERIFIED FIXED,2012-10-14 20:14,2012-10-17 14:35,Gaia,unspecified,All All,-- normal,,3,2,https://bugzilla.mozilla.org/show_bug.cgi?id=801501,,Tim Guan-tin Chien [:timdream] (MoCo-TPE) (please ni?),0,0,0,0,0
802002,VERIFIED FIXED,2012-10-15 20:40,2012-11-12 13:41,Gaia,unspecified,All Other,-- normal,,4,5,https://bugzilla.mozilla.org/show_bug.cgi?id=802002,,Peter La,0,0,1,3,0
802260,RESOLVED DUPLICATE of,2012-10-16 10:58,2012-10-16 14:18,Gaia,unspecified,All Other,-- normal,,3,2,https://bugzilla.mozilla.org/show_bug.cgi?id=802260,,Eric Pang [:epang],0,0,0,0,0
805443,NEW,2012-10-25 08:15,2012-11-10 10:54,Gaia::System,unspecified,x86 Mac OS X,-- normal,,1,0,https://bugzilla.mozilla.org/show_bug.cgi?id=805443,,Dietrich Ayala (:dietrich),0,0,0,0,0
808828,NEW,2012-11-05 15:55,2012-11-09 09:53,Gaia::System,unspecified,ARM Gonk (Firefox OS),-- normal,,1,1,https://bugzilla.mozilla.org/show_bug.cgi?id=808828,,Marcia Knous [:marcia - use needinfo],0,0,0,0,0
810500,NEW,2012-11-09 14:10,2014-05-30 03:58,Gaia::System,unspecified,ARM Gonk (Firefox OS),-- normal,,13,27,https://bugzilla.mozilla.org/show_bug.cgi?id=810500,,John Karahalis [:openjck],0,0,0,0,0
811006,RESOLVED DUPLICATE of,2012-11-12 10:42,2013-01-10 04:54,General,unspecified,ARM Gonk (Firefox OS),-- normal,,4,1,https://bugzilla.mozilla.org/show_bug.cgi?id=811006,,Chris Peterson (:cpeterson),0,0,0,0,0
811862,NEW,2012-11-14 12:53,2013-05-26 14:08,Gaia::System,unspecified,All Other,P3 normal,,3,1,https://bugzilla.mozilla.org/show_bug.cgi?id=811862,,Patryk Adamczyk [:patryk] UX,0,0,0,0,0
814193,NEW,2012-11-21 14:32,2013-02-01 07:28,Gaia,unspecified,ARM Gonk (Firefox OS),P3 normal,blocking-basecamp: -,11,8,https://bugzilla.mozilla.org/show_bug.cgi?id=814193,,Naoki Hirata :nhirata (please use needinfo instead of cc),0,0,0,0,0
814231,VERIFIED FIXED,2012-11-21 16:07,2013-01-13 16:22,Gaia::System,unspecified,ARM Gonk (Firefox OS),P3 normal,blocking-basecamp: +,9,17,https://bugzilla.mozilla.org/show_bug.cgi?id=814231,,Naoki Hirata :nhirata (please use needinfo instead of cc),0,0,0,0,0
816620,RESOLVED DUPLICATE of,2012-11-29 11:08,2012-12-03 02:25,General,unspecified,ARM Gonk (Firefox OS),-- normal,,2,7,https://bugzilla.mozilla.org/show_bug.cgi?id=816620,,Thomas Zimmermann [:tzimmermann] [:tdz],0,0,1,36,0
817791,VERIFIED FIXED,2012-12-03 13:30,2013-01-16 09:59,Gaia::System,unspecified,x86_64 Windows 7,-- normal,,6,7,https://bugzilla.mozilla.org/show_bug.cgi?id=817791,,cbarker,0,0,0,0,0
823785,NEW,2012-12-20 17:03,2013-10-09 14:31,Gaia::Settings,unspecified,ARM Gonk (Firefox OS),-- normal,,11,12,https://bugzilla.mozilla.org/show_bug.cgi?id=823785,,croesch,0,0,0,0,0
824408,RESOLVED WORKSFORME,2012-12-23 18:14,2013-01-13 22:34,General,unspecified,All All,-- normal,,2,2,https://bugzilla.mozilla.org/show_bug.cgi?id=824408,,Firefox_Mozilla,0,0,0,0,0
824551,VERIFIED FIXED,2012-12-24 17:50,2013-02-15 07:58,Gaia::System,unspecified,All All,-- normal,blocking-b2g: tef+ blocking-basecamp: -,27,49,https://bugzilla.mozilla.org/show_bug.cgi?id=824551,,Firefox_Mozilla,0,0,1,1121,0
825794,RESOLVED WORKSFORME,2013-01-01 16:45,2013-01-14 05:57,Gaia,unspecified,x86 Mac OS X,-- normal,,2,1,https://bugzilla.mozilla.org/show_bug.cgi?id=825794,,Tarek Ziadé (:tarek),0,0,0,0,0
825798,RESOLVED FIXED,2013-01-01 17:26,2013-01-03 04:23,Gaia::System,unspecified,ARM Gonk (Firefox OS),P1 normal,blocking-basecamp: +,6,9,https://bugzilla.mozilla.org/show_bug.cgi?id=825798,,Michael Vines [:m1] [:evilmachines],0,1,0,0,0
828731,VERIFIED FIXED,2013-01-09 16:06,2013-02-19 10:09,General,unspecified,x86 Mac OS X,-- critical,blocking-b2g: tef+ blocking-basecamp: -,29,53,https://bugzilla.mozilla.org/show_bug.cgi?id=828731,,[:Cww],1,0,1,64,1
831325,RESOLVED FIXED,2013-01-16 08:28,2013-02-07 05:33,Gaia::Settings,unspecified,ARM Gonk (Firefox OS),-- normal,blocking-b2g: -,2,1,https://bugzilla.mozilla.org/show_bug.cgi?id=831325,,Carlos Martínez Toral [:carlosmartinez],0,0,0,0,0
831384,VERIFIED DUPLICATE of,2013-01-16 10:40,2013-02-11 15:28,Gaia::System::Lockscreen,unspecified,ARM Gonk (Firefox OS),-- normal,,2,3,https://bugzilla.mozilla.org/show_bug.cgi?id=831384,,Darren,0,0,0,0,0
844998,NEW,2013-02-25 12:36,2013-02-26 18:35,General,unspecified,ARM Gonk (Firefox OS),-- normal,blocking-b2g: -,11,7,https://bugzilla.mozilla.org/show_bug.cgi?id=844998,,Benoit Jacob [:bjacob],0,0,0,0,0
852361,RESOLVED FIXED,2013-03-18 17:38,2013-11-13 13:39,Gaia::System,unspecified,ARM Gonk (Firefox OS),-- major,blocking-b2g: leo+,20,61,https://bugzilla.mozilla.org/show_bug.cgi?id=852361,,Leo,1,0,0,0,3
852857,RESOLVED FIXED,2013-03-20 00:33,2013-05-02 10:14,Gaia::System,unspecified,ARM Gonk (Firefox OS),-- major,blocking-b2g: leo+,9,20,https://bugzilla.mozilla.org/show_bug.cgi?id=852857,,Leo,0,0,0,0,0
859187,RESOLVED WORKSFORME,2013-04-07 19:07,2013-04-30 11:07,Gaia::Settings,unspecified,ARM Gonk (Firefox OS),P1 major,blocking-b2g: leo+,12,12,https://bugzilla.mozilla.org/show_bug.cgi?id=859187,,Leo,0,0,0,0,0
862685,NEW,2013-04-17 00:45,2013-09-18 02:01,General,unspecified,ARM Gonk (Firefox OS),-- normal,,9,21,https://bugzilla.mozilla.org/show_bug.cgi?id=862685,,leo.bugzilla.gecko,0,0,0,0,0
862686,RESOLVED DUPLICATE of,2013-04-17 00:45,2013-04-17 01:03,General,unspecified,x86 Windows 7,-- normal,,1,1,https://bugzilla.mozilla.org/show_bug.cgi?id=862686,,leo.bugzilla.gecko,0,0,0,0,0
862992,ASSIGNED,2013-04-17 12:08,2014-03-19 02:00,General,unspecified,ARM Gonk (Firefox OS),-- normal,,17,66,https://bugzilla.mozilla.org/show_bug.cgi?id=862992,,David Bialer [:dbialer],0,0,2,321 101,0
864274,NEW,2013-04-22 03:53,2013-08-06 14:05,Gaia::System::Lockscreen,unspecified,All All,-- normal,,1,2,https://bugzilla.mozilla.org/show_bug.cgi?id=864274,,Rubén Martín [:Nukeador],0,0,0,0,0
869336,RESOLVED INVALID,2013-05-07 01:00,2013-09-24 05:45,Gaia::Dialer,unspecified,ARM Gonk (Firefox OS),P1 normal,,10,3,https://bugzilla.mozilla.org/show_bug.cgi?id=869336,,sync-1,0,1,0,0,0
871437,RESOLVED FIXED,2013-05-12 23:51,2013-09-11 15:55,Gaia::Settings,unspecified,ARM Gonk (Firefox OS),P2 normal,blocking-b2g: leo+,15,21,https://bugzilla.mozilla.org/show_bug.cgi?id=871437,,Leo,0,0,0,0,0
874345,NEW,2013-05-21 01:11,2013-12-04 18:11,Gaia::System,unspecified,ARM Gonk (Firefox OS),-- normal,,2,0,https://bugzilla.mozilla.org/show_bug.cgi?id=874345,,Alexandre LISSY :gerard-majax,0,0,0,0,0
874879,NEW,2013-05-22 06:44,2013-12-11 01:26,General,unspecified,ARM Gonk (Firefox OS),P2 normal,,8,4,https://bugzilla.mozilla.org/show_bug.cgi?id=874879,,sync-1,0,0,0,0,0
876564,RESOLVED INVALID,2013-05-27 19:54,2013-05-29 19:07,Gaia,unspecified,ARM Gonk (Firefox OS),P2 normal,,14,12,https://bugzilla.mozilla.org/show_bug.cgi?id=876564,,sync-1,0,0,0,0,1
878007,UNCONFIRMED,2013-05-31 02:58,2014-01-05 22:09,General,unspecified,All All,-- normal,,4,1,https://bugzilla.mozilla.org/show_bug.cgi?id=878007,,Binyamin,0,0,0,0,0
878008,UNCONFIRMED,2013-05-31 03:00,2014-01-05 22:06,General,unspecified,All All,-- normal,,3,1,https://bugzilla.mozilla.org/show_bug.cgi?id=878008,,Binyamin,0,0,0,0,0
881541,NEW,2013-06-10 16:28,2013-06-17 04:42,Gaia::Settings,unspecified,x86_64 Windows 7,P3 normal,blocking-b2g: -,12,1,https://bugzilla.mozilla.org/show_bug.cgi?id=881541,,David Palomino [:dpalomino],0,1,0,0,0
881660,NEW,2013-06-11 04:42,2013-06-24 00:45,Gaia::FMRadio,unspecified,ARM Gonk (Firefox OS),-- normal,blocking-b2g: -,6,6,https://bugzilla.mozilla.org/show_bug.cgi?id=881660,,Leo,0,0,0,0,0
884243,RESOLVED WORKSFORME,2013-06-18 03:59,2013-07-01 18:08,Bluetooth,unspecified,ARM Gonk (Firefox OS),P1 normal,,8,7,https://bugzilla.mozilla.org/show_bug.cgi?id=884243,,leo.bugzilla.gecko,0,0,0,0,0
886081,NEW,2013-06-22 17:31,2013-10-28 17:22,Gaia::Settings,unspecified,All All,-- normal,,2,4,https://bugzilla.mozilla.org/show_bug.cgi?id=886081,,pedrocrespo,0,0,1,8,0
887634,RESOLVED FIXED,2013-06-26 21:47,2013-11-21 13:47,Gaia::System,unspecified,All All,-- normal,blocking-b2g: koi+,11,11,https://bugzilla.mozilla.org/show_bug.cgi?id=887634,,Myk Melez [:myk] [&#64;mykmelez],0,0,0,0,0
889516,NEW,2013-07-02 12:11,2013-08-26 06:52,Gaia::Settings,unspecified,ARM Gonk (Firefox OS),-- normal,,4,5,https://bugzilla.mozilla.org/show_bug.cgi?id=889516,,sarsenyev,0,1,0,0,0
889563,NEW,2013-07-02 13:51,2013-07-02 13:51,Gaia::System,unspecified,x86_64 Windows 8,-- normal,,0,0,https://bugzilla.mozilla.org/show_bug.cgi?id=889563,,Bartosz Piec,0,0,0,0,0
889972,NEW,2013-07-03 11:41,2013-08-05 12:56,Gaia::Settings,unspecified,ARM Gonk (Firefox OS),-- normal,,4,3,https://bugzilla.mozilla.org/show_bug.cgi?id=889972,,Wraithan (Chris McDonald) [:wraithan],0,0,0,0,0
890715,NEW,2013-07-07 09:45,2013-08-06 11:07,General,unspecified,ARM Gonk (Firefox OS),-- normal,,2,1,https://bugzilla.mozilla.org/show_bug.cgi?id=890715,,Jen Fong-Adwent [:ednapiranha],0,0,0,0,0
891259,RESOLVED FIXED,2013-07-09 00:17,2013-07-10 11:14,General,unspecified,All Gonk (Firefox OS),-- normal,,6,9,https://bugzilla.mozilla.org/show_bug.cgi?id=891259,,Askeing Yen[:askeing] (PTO from 5/23 to 6/8),0,0,1,33,0
891627,VERIFIED FIXED,2013-07-09 16:18,2013-07-23 18:07,Gaia::Settings,unspecified,ARM Gonk (Firefox OS),-- normal,,4,6,https://bugzilla.mozilla.org/show_bug.cgi?id=891627,,sarsenyev,0,1,0,0,0
896847,NEW,2013-07-22 19:18,2014-03-05 09:05,Gaia::Settings,unspecified,All All,P1 normal,blocking-b2g: backlog,5,3,https://bugzilla.mozilla.org/show_bug.cgi?id=896847,,sync-1,0,0,0,0,0
900383,RESOLVED DUPLICATE of,2013-08-01 01:43,2013-08-07 00:02,Gaia::Settings,unspecified,All All,-- normal,,3,4,https://bugzilla.mozilla.org/show_bug.cgi?id=900383,,ji.chen5,0,0,0,0,0
900386,RESOLVED FIXED,2013-08-01 01:48,2013-08-15 15:24,Gaia::Settings,unspecified,All All,-- normal,blocking-b2g: leo+,6,12,https://bugzilla.mozilla.org/show_bug.cgi?id=900386,,ji.chen5,1,1,0,0,0
901935,UNCONFIRMED,2013-08-06 07:00,2013-11-22 08:23,Gaia::Homescreen,unspecified,All All,-- normal,,1,1,https://bugzilla.mozilla.org/show_bug.cgi?id=901935,,Damian Szczurek,0,0,0,0,0
902633,REOPENED,2013-08-07 14:14,2013-09-06 07:34,Gaia::System,unspecified,ARM Gonk (Firefox OS),-- normal,,1,3,https://bugzilla.mozilla.org/show_bug.cgi?id=902633,,mclemmons,0,1,0,0,1
903378,RESOLVED FIXED,2013-08-09 04:40,2013-09-25 07:16,General,unspecified,ARM Gonk (Firefox OS),-- normal,,6,8,https://bugzilla.mozilla.org/show_bug.cgi?id=903378,,William Hsu [:whsu],0,0,0,0,0
907111,NEW,2013-08-20 02:41,2013-08-21 01:57,Gaia::System,unspecified,x86 Mac OS X,-- normal,,1,1,https://bugzilla.mozilla.org/show_bug.cgi?id=907111,,Jan Jongboom [:janjongboom] (Telenor),0,0,0,0,0
907263,RESOLVED DUPLICATE of,2013-08-20 09:58,2013-08-20 10:04,Gaia::Homescreen,unspecified,x86 Mac OS X,-- normal,,5,1,https://bugzilla.mozilla.org/show_bug.cgi?id=907263,,Dietrich Ayala (:dietrich),0,0,0,0,0
908517,REOPENED,2013-08-22 17:55,2013-12-02 00:12,General,unspecified,All All,-- normal,,20,27,https://bugzilla.mozilla.org/show_bug.cgi?id=908517,,ji.chen5,0,1,0,0,1
909869,RESOLVED FIXED,2013-08-27 11:30,2013-09-17 09:28,General,unspecified,ARM Gonk (Firefox OS),-- normal,,5,6,https://bugzilla.mozilla.org/show_bug.cgi?id=909869,,Jon Hylands [:jhylands],0,1,0,0,0
910601,RESOLVED DUPLICATE of,2013-08-29 00:38,2013-10-10 23:39,Vendcom,unspecified,ARM Gonk (Firefox OS),-- normal,blocking-b2g: -,4,3,https://bugzilla.mozilla.org/show_bug.cgi?id=910601,,William Hsu [:whsu],0,0,0,0,0
911001,RESOLVED FIXED,2013-08-29 20:35,2013-10-18 03:03,Gaia::Settings,unspecified,All All,-- normal,blocking-b2g: leo+,10,20,https://bugzilla.mozilla.org/show_bug.cgi?id=911001,,lecky,0,0,0,0,0
911007,NEW,2013-08-29 20:46,2014-04-21 19:23,Gaia::Settings,unspecified,All All,P1 critical,blocking-b2g: backlog,8,18,https://bugzilla.mozilla.org/show_bug.cgi?id=911007,,lecky,0,1,0,0,0
911054,UNCONFIRMED,2013-08-30 00:12,2013-10-11 00:02,Gaia::Settings,unspecified,All All,P2 normal,blocking-b2g: -,4,5,https://bugzilla.mozilla.org/show_bug.cgi?id=911054,,lecky,0,0,0,0,0
911057,RESOLVED DUPLICATE of,2013-08-30 00:21,2013-10-10 23:49,Gaia::Settings,unspecified,All All,P2 normal,blocking-b2g: -,3,3,https://bugzilla.mozilla.org/show_bug.cgi?id=911057,,lecky,0,0,0,0,0
911735,NEW,2013-09-02 04:25,2013-09-02 07:51,Gaia::System,unspecified,x86 Mac OS X,-- normal,,1,0,https://bugzilla.mozilla.org/show_bug.cgi?id=911735,,Soledad Penades [:sole] [:spenades],0,0,0,0,0
914037,RESOLVED INVALID,2013-09-09 00:08,2013-10-15 20:38,Gaia::Settings,unspecified,All All,-- minor,,3,4,https://bugzilla.mozilla.org/show_bug.cgi?id=914037,,lecky,0,0,0,0,0
916097,NEW,2013-09-13 05:48,2013-09-14 07:53,Gaia::Settings,unspecified,ARM Gonk (Firefox OS),-- normal,,2,0,https://bugzilla.mozilla.org/show_bug.cgi?id=916097,,Archaeopteryx [:aryx],0,0,0,0,0
920093,RESOLVED WORKSFORME,2013-09-24 09:11,2013-11-05 13:13,General,unspecified,ARM Gonk (Firefox OS),P1 critical,blocking-b2g: -,9,17,https://bugzilla.mozilla.org/show_bug.cgi?id=920093,,Marcia Knous [:marcia - use needinfo],0,0,0,0,0
921289,UNCONFIRMED,2013-09-26 17:10,2013-09-26 17:39,General,unspecified,All All,-- normal,,1,1,https://bugzilla.mozilla.org/show_bug.cgi?id=921289,,Jaime Vega,0,0,0,0,0
927334,UNCONFIRMED,2013-10-16 02:56,2013-10-21 11:34,Gaia::Camera,unspecified,All All,P2 critical,,4,8,https://bugzilla.mozilla.org/show_bug.cgi?id=927334,,lecky,0,0,0,0,0
930124,NEW,2013-10-23 11:03,2013-11-19 08:14,Gaia::System,unspecified,ARM Gonk (Firefox OS),-- normal,blocking-b2g: -,3,0,https://bugzilla.mozilla.org/show_bug.cgi?id=930124,,Hubert Lu[:hlu] &lt;hlu&#64;mozilla.com&gt;,0,1,0,0,0
932290,RESOLVED FIXED,2013-10-29 07:17,2013-11-28 13:05,General,unspecified,x86_64 Linux,-- normal,,1,2,https://bugzilla.mozilla.org/show_bug.cgi?id=932290,,Jon Hylands [:jhylands],0,1,0,0,0
932293,RESOLVED FIXED,2013-10-29 07:19,2013-11-15 10:09,General,unspecified,x86_64 Linux,-- normal,,1,1,https://bugzilla.mozilla.org/show_bug.cgi?id=932293,,Jon Hylands [:jhylands],0,1,0,0,0
933206,RESOLVED FIXED,2013-10-31 05:27,2013-11-19 14:15,Gaia::System,unspecified,x86 Mac OS X,-- normal,,14,28,https://bugzilla.mozilla.org/show_bug.cgi?id=933206,,Eric Pang [:epang],0,1,0,0,1
934782,NEW,2013-11-04 18:02,2013-12-23 08:21,General,unspecified,ARM Gonk (Firefox OS),-- normal,,5,9,https://bugzilla.mozilla.org/show_bug.cgi?id=934782,,leo.bugzilla.gecko,0,0,2,149 96,0
934816,NEW,2013-11-04 19:07,2013-11-30 09:19,General,unspecified,ARM Gonk (Firefox OS),-- normal,,2,2,https://bugzilla.mozilla.org/show_bug.cgi?id=934816,,leo.bugzilla.gecko,0,0,2,63 71,0
935347,NEW,2013-11-05 19:00,2013-11-30 17:53,General,unspecified,ARM Gonk (Firefox OS),-- normal,,1,0,https://bugzilla.mozilla.org/show_bug.cgi?id=935347,,Tim Chevalier,0,0,0,0,0
936255,RESOLVED DUPLICATE of,2013-11-07 15:27,2013-11-10 16:00,Gaia::Cost Control,unspecified,ARM Gonk (Firefox OS),-- normal,,2,4,https://bugzilla.mozilla.org/show_bug.cgi?id=936255,,Matthew Vaughan,0,0,0,0,0
937796,RESOLVED FIXED,2013-11-12 12:04,2013-11-25 09:29,General,unspecified,x86 Windows 7,-- normal,,1,2,https://bugzilla.mozilla.org/show_bug.cgi?id=937796,,Jon Hylands [:jhylands],0,1,0,0,0
937833,RESOLVED FIXED,2013-11-12 13:23,2013-11-18 09:57,General,unspecified,x86 Windows 7,-- normal,,1,2,https://bugzilla.mozilla.org/show_bug.cgi?id=937833,,Jon Hylands [:jhylands],0,1,0,0,0
940865,UNCONFIRMED,2013-11-19 23:12,2013-12-11 01:30,General,unspecified,ARM Gonk (Firefox OS),P1 blocker,,4,2,https://bugzilla.mozilla.org/show_bug.cgi?id=940865,,lecky,0,0,0,0,0
944063,RESOLVED FIXED,2013-11-27 12:09,2014-02-03 13:27,Hardware,unspecified,x86 Windows 7,-- normal,,3,0,https://bugzilla.mozilla.org/show_bug.cgi?id=944063,,Jon Hylands [:jhylands],0,0,0,0,0
944064,RESOLVED FIXED,2013-11-27 12:11,2014-02-03 13:27,Hardware,unspecified,x86 Windows 7,-- normal,,3,0,https://bugzilla.mozilla.org/show_bug.cgi?id=944064,,Jon Hylands [:jhylands],0,0,0,0,0
946550,NEW,2013-12-04 18:50,2014-06-25 09:32,General,unspecified,ARM Gonk (Firefox OS),-- normal,,8,1,https://bugzilla.mozilla.org/show_bug.cgi?id=946550,,Hubert Lu[:hlu] &lt;hlu&#64;mozilla.com&gt;,0,0,0,0,0
948263,VERIFIED FIXED,2013-12-09 20:24,2014-04-09 16:52,Gaia::Video,unspecified,ARM Gonk (Firefox OS),P2 normal,,12,69,https://bugzilla.mozilla.org/show_bug.cgi?id=948263,,Sri Kasetti,0,1,0,0,0
948264,NEW,2013-12-09 20:28,2014-01-30 16:38,Gaia::Video,unspecified,ARM Gonk (Firefox OS),P2 normal,,1,0,https://bugzilla.mozilla.org/show_bug.cgi?id=948264,,Sri Kasetti,0,0,0,0,0
951564,UNCONFIRMED,2013-12-18 01:05,2014-01-11 12:07,Gaia::System,unspecified,All All,-- normal,,1,1,https://bugzilla.mozilla.org/show_bug.cgi?id=951564,,berwe2501,0,0,0,0,0
957226,RESOLVED FIXED,2014-01-07 10:47,2014-02-03 08:58,Hardware,unspecified,x86_64 Windows 7,-- normal,,4,1,https://bugzilla.mozilla.org/show_bug.cgi?id=957226,,Jon Hylands [:jhylands],0,0,0,0,0
959053,RESOLVED FIXED,2014-01-12 23:23,2014-05-20 00:05,Gaia,unspecified,ARM Gonk (Firefox OS),-- normal,feature-b2g: 2.0,5,10,https://bugzilla.mozilla.org/show_bug.cgi?id=959053,,Fred Lin [:gasolin][OOO 6/23-27],0,1,0,0,0
959195,RESOLVED FIXED,2014-01-13 07:38,2014-06-06 01:04,Gaia::System,unspecified,ARM Gonk (Firefox OS),-- normal,,11,21,https://bugzilla.mozilla.org/show_bug.cgi?id=959195,,Alexandre LISSY :gerard-majax,0,0,0,0,0
959511,UNCONFIRMED,2014-01-14 00:30,2014-02-17 21:01,Gaia::System,unspecified,ARM Gonk (Firefox OS),-- major,,3,2,https://bugzilla.mozilla.org/show_bug.cgi?id=959511,,Sharaf,1,1,0,0,0
959513,NEW,2014-01-14 00:33,2014-05-04 22:00,Gaia::E-Mail,unspecified,ARM Gonk (Firefox OS),-- major,,7,21,https://bugzilla.mozilla.org/show_bug.cgi?id=959513,,Sharaf,0,1,1,209,0
959514,UNCONFIRMED,2014-01-14 00:39,2014-05-29 12:41,Gaia::Video,unspecified,ARM Gonk (Firefox OS),-- major,,10,27,https://bugzilla.mozilla.org/show_bug.cgi?id=959514,,Sharaf,0,1,0,0,0
959515,RESOLVED DUPLICATE of,2014-01-14 00:43,2014-06-13 01:46,Gaia::Camera,unspecified,ARM Gonk (Firefox OS),-- major,,6,7,https://bugzilla.mozilla.org/show_bug.cgi?id=959515,,Sharaf,0,1,0,0,0
963722,NEW,2014-01-24 11:43,2014-01-24 13:56,General,unspecified,ARM Gonk (Firefox OS),-- normal,,4,2,https://bugzilla.mozilla.org/show_bug.cgi?id=963722,,ktucker,0,0,0,0,0
966031,NEW,2014-01-30 14:52,2014-01-30 16:34,Vendcom,unspecified,ARM Gonk (Firefox OS),-- normal,,1,1,https://bugzilla.mozilla.org/show_bug.cgi?id=966031,,Marcia Knous [:marcia - use needinfo],0,0,0,0,0
966841,RESOLVED FIXED,2014-02-02 17:00,2014-04-03 12:11,Gaia::Camera,unspecified,ARM Gonk (Firefox OS),-- normal,,5,8,https://bugzilla.mozilla.org/show_bug.cgi?id=966841,,Sri Kasetti,1,1,0,0,1
967861,RESOLVED DUPLICATE of,2014-02-04 14:49,2014-02-11 11:02,Vendcom,unspecified,ARM Gonk (Firefox OS),-- normal,,3,4,https://bugzilla.mozilla.org/show_bug.cgi?id=967861,,John Hammink,1,1,0,0,0
967882,RESOLVED FIXED,2014-02-04 15:19,2014-02-21 01:36,Vendcom,unspecified,ARM Gonk (Firefox OS),-- normal,,4,13,https://bugzilla.mozilla.org/show_bug.cgi?id=967882,,John Hammink,0,1,0,0,0
969249,RESOLVED DUPLICATE of,2014-02-06 21:09,2014-05-04 15:49,Gaia::Settings,unspecified,x86_64 Linux,-- normal,,1,12,https://bugzilla.mozilla.org/show_bug.cgi?id=969249,,Phil Ringnalda (:philor),0,1,0,0,0
970825,UNCONFIRMED,2014-02-11 02:31,2014-04-09 00:55,Gaia::System,unspecified,ARM Gonk (Firefox OS),-- major,blocking-b2g: -,7,13,https://bugzilla.mozilla.org/show_bug.cgi?id=970825,,Sharaf,0,1,1,96,0
971166,NEW,2014-02-11 11:42,2014-03-20 19:46,Gaia::E-Mail,unspecified,x86 Mac OS X,-- normal,,1,0,https://bugzilla.mozilla.org/show_bug.cgi?id=971166,,James Burke [:jrburke],1,0,0,0,0
973436,RESOLVED FIXED,2014-02-16 20:10,2014-04-16 22:14,Gaia::Settings,unspecified,ARM Gonk (Firefox OS),-- normal,,5,8,https://bugzilla.mozilla.org/show_bug.cgi?id=973436,,Fred Lin [:gasolin][OOO 6/23-27],1,1,0,0,1
973669,NEW,2014-02-17 10:03,2014-04-02 02:34,Gaia::Camera,unspecified,ARM Gonk (Firefox OS),P1 normal,,12,5,https://bugzilla.mozilla.org/show_bug.cgi?id=973669,,Amy Lee [:amylee],0,1,0,0,0
973673,NEW,2014-02-17 10:11,2014-03-07 07:30,Gaia::Camera,unspecified,ARM Gonk (Firefox OS),P1 normal,blocking-b2g: backlog,11,5,https://bugzilla.mozilla.org/show_bug.cgi?id=973673,,Amy Lee [:amylee],0,1,0,0,0
973737,RESOLVED WORKSFORME,2014-02-17 16:31,2014-03-24 14:31,Vendcom,unspecified,ARM Gonk (Firefox OS),-- normal,,8,7,https://bugzilla.mozilla.org/show_bug.cgi?id=973737,,Tony Chung [:tchung],0,0,0,0,0
975451,VERIFIED FIXED,2014-02-21 09:20,2014-02-28 03:40,General,unspecified,ARM Gonk (Firefox OS),-- normal,,11,10,https://bugzilla.mozilla.org/show_bug.cgi?id=975451,,Brogan Zumwalt,0,1,0,0,0
979012,UNCONFIRMED,2014-03-03 15:07,2014-03-06 22:55,Gaia::System,unspecified,All All,-- normal,,13,6,https://bugzilla.mozilla.org/show_bug.cgi?id=979012,,FangChen,0,1,0,0,0
979766,NEW,2014-03-04 23:47,2014-06-19 09:25,Gaia::Settings,unspecified,x86 Mac OS X,-- normal,,1,0,https://bugzilla.mozilla.org/show_bug.cgi?id=979766,,EJ Chen [:eragonj][:小龍哥],0,0,0,0,0
980019,RESOLVED INVALID,2014-03-05 11:46,2014-03-06 12:22,General,unspecified,ARM Gonk (Firefox OS),-- normal,blocking-b2g: -,3,6,https://bugzilla.mozilla.org/show_bug.cgi?id=980019,,Naoki Hirata :nhirata (please use needinfo instead of cc),0,0,0,0,0
981469,NEW,2014-03-09 19:22,2014-03-14 18:37,Gaia::Camera,unspecified,All All,P2 normal,,4,5,https://bugzilla.mozilla.org/show_bug.cgi?id=981469,,sync-1,0,0,0,0,0
984543,NEW,2014-03-17 12:53,2014-03-17 12:55,Gaia::Settings,unspecified,ARM Gonk (Firefox OS),-- normal,,0,1,https://bugzilla.mozilla.org/show_bug.cgi?id=984543,,mclemmons,0,0,0,0,0
987189,RESOLVED INVALID,2014-03-24 09:35,2014-03-27 04:32,Gaia::Camera,unspecified,ARM Gonk (Firefox OS),P1 normal,,10,2,https://bugzilla.mozilla.org/show_bug.cgi?id=987189,,Amy Lee [:amylee],1,1,0,0,0
987441,NEW,2014-03-24 17:24,2014-03-24 17:24,Gaia::System,unspecified,x86_64 Linux,-- normal,,0,0,https://bugzilla.mozilla.org/show_bug.cgi?id=987441,,Kyle Machulis [:kmachulis] [:qdot],0,1,0,0,0
988505,RESOLVED DUPLICATE of,2014-03-26 12:33,2014-04-02 02:41,Gaia::Camera,unspecified,x86 Mac OS X,-- normal,,8,10,https://bugzilla.mozilla.org/show_bug.cgi?id=988505,,Tiffanie Shakespeare,1,1,0,0,0
990010,NEW,2014-03-31 06:59,2014-04-01 03:02,Gaia::Camera,unspecified,x86 Mac OS X,-- normal,,1,3,https://bugzilla.mozilla.org/show_bug.cgi?id=990010,,Jan Jongboom [:janjongboom] (Telenor),0,0,0,0,0
990272,RESOLVED INVALID,2014-03-31 15:03,2014-04-01 18:34,Gaia::Camera,unspecified,ARM Gonk (Firefox OS),-- minor,,5,4,https://bugzilla.mozilla.org/show_bug.cgi?id=990272,,Marcia Knous [:marcia - use needinfo],0,1,0,0,0
993549,NEW,2014-04-08 10:58,2014-04-08 10:58,Gaia::Settings,unspecified,ARM Gonk (Firefox OS),-- normal,,1,0,https://bugzilla.mozilla.org/show_bug.cgi?id=993549,,Joshua Mitchell,0,0,0,0,0
996417,RESOLVED FIXED,2014-04-14 21:05,2014-06-19 02:26,Gaia::UI Tests,unspecified,x86 Mac OS X,P3 normal,,3,12,https://bugzilla.mozilla.org/show_bug.cgi?id=996417,,EJ Chen [:eragonj][:小龍哥],0,0,0,0,0
1000356,NEW,2014-04-23 10:47,2014-04-23 16:47,Gaia::System::Lockscreen,unspecified,ARM Gonk (Firefox OS),-- normal,,2,4,https://bugzilla.mozilla.org/show_bug.cgi?id=1000356,,mclemmons,0,0,0,0,0
1002102,NEW,2014-04-27 11:15,2014-06-25 20:41,Hardware,unspecified,ARM Gonk (Firefox OS),-- major,,7,9,https://bugzilla.mozilla.org/show_bug.cgi?id=1002102,,Richard Pappalardo,0,0,0,0,0
1002998,RESOLVED FIXED,2014-04-28 23:24,2014-05-11 20:30,Vendcom,unspecified,ARM Gonk (Firefox OS),-- normal,,4,3,https://bugzilla.mozilla.org/show_bug.cgi?id=1002998,,Mike Lien[:mlien],0,0,0,0,0
1003020,RESOLVED FIXED,2014-04-29 00:08,2014-05-13 03:44,Bluetooth,unspecified,ARM Gonk (Firefox OS),-- normal,,4,15,https://bugzilla.mozilla.org/show_bug.cgi?id=1003020,,Shawn Huang [:shuang] [:shawnjohnjr],0,1,2,43 93,0
1003431,RESOLVED WORKSFORME,2014-04-29 13:31,2014-05-12 20:02,Hardware,unspecified,ARM Gonk (Firefox OS),-- normal,blocking-b2g: -,8,14,https://bugzilla.mozilla.org/show_bug.cgi?id=1003431,,Naoki Hirata :nhirata (please use needinfo instead of cc),0,0,0,0,0
1003912,NEW,2014-04-30 09:45,2014-06-13 11:15,Gaia::Browser,unspecified,ARM Gonk (Firefox OS),P2 normal,blocking-b2g: backlog,10,11,https://bugzilla.mozilla.org/show_bug.cgi?id=1003912,,mclemmons,0,0,0,0,0
1004300,RESOLVED WORKSFORME,2014-04-30 16:50,2014-06-04 13:21,Performance,unspecified,ARM Gonk (Firefox OS),P1 normal,blocking-b2g: 1.3T+,9,17,https://bugzilla.mozilla.org/show_bug.cgi?id=1004300,,mclemmons,0,0,0,0,0
1007376,RESOLVED WORKSFORME,2014-05-07 14:47,2014-05-14 01:10,Vendcom,unspecified,ARM Gonk (Firefox OS),-- normal,,7,4,https://bugzilla.mozilla.org/show_bug.cgi?id=1007376,,Ralph Daub [:rdaub],0,0,0,0,0
1007453,NEW,2014-05-07 18:04,2014-05-07 18:04,Gaia::System,unspecified,ARM Gonk (Firefox OS),-- normal,,0,0,https://bugzilla.mozilla.org/show_bug.cgi?id=1007453,,hyuna.cho,0,0,0,0,0
1008755,RESOLVED DUPLICATE of,2014-05-11 14:20,2014-05-12 14:02,Gaia::System,unspecified,x86 Linux,-- normal,,1,2,https://bugzilla.mozilla.org/show_bug.cgi?id=1008755,,Ahmed Nefzaoui [:Nefzaoui],0,0,0,0,0
1010472,RESOLVED WORKSFORME,2014-05-14 12:32,2014-05-27 10:58,Gaia::Camera,unspecified,ARM Gonk (Firefox OS),-- normal,blocking-b2g: 1.4+,12,23,https://bugzilla.mozilla.org/show_bug.cgi?id=1010472,,Roland Kunkel [:RolandK],0,0,0,0,0
1011324,NEW,2014-05-15 16:49,2014-05-16 10:52,Gaia::Dialer,unspecified,ARM Gonk (Firefox OS),-- normal,,4,2,https://bugzilla.mozilla.org/show_bug.cgi?id=1011324,,ychung,0,0,0,0,0
1011805,RESOLVED FIXED,2014-05-16 17:22,2014-05-27 16:42,Vendcom,unspecified,ARM Gonk (Firefox OS),-- normal,,4,9,https://bugzilla.mozilla.org/show_bug.cgi?id=1011805,,mclemmons,0,0,0,0,0
1013373,NEW,2014-05-20 09:29,2014-05-21 12:40,Gaia::E-Mail,unspecified,x86 Mac OS X,P2 normal,,4,5,https://bugzilla.mozilla.org/show_bug.cgi?id=1013373,,rmcguigan,0,0,0,0,0
1017452,NEW,2014-05-28 23:56,2014-05-28 23:56,Gaia::System,unspecified,ARM Gonk (Firefox OS),-- normal,,0,0,https://bugzilla.mozilla.org/show_bug.cgi?id=1017452,,Al Tsai [:atsai],0,1,0,0,0
1018166,RESOLVED DUPLICATE of,2014-05-30 05:19,2014-06-04 16:10,General,unspecified,ARM Gonk (Firefox OS),-- normal,,3,2,https://bugzilla.mozilla.org/show_bug.cgi?id=1018166,,Gabriela [:gaby2300],0,0,0,0,0
1020000,NEW,2014-06-03 16:49,2014-06-13 11:37,Performance,unspecified,ARM Gonk (Firefox OS),P1 normal,,26,15,https://bugzilla.mozilla.org/show_bug.cgi?id=1020000,,Gregor Wagner PTO until 6/30,1,0,0,0,0
1021400,NEW,2014-06-05 18:01,2014-06-13 11:43,GonkIntegration,unspecified,ARM Gonk (Firefox OS),P1 normal,,26,9,https://bugzilla.mozilla.org/show_bug.cgi?id=1021400,,Nicholas Nethercote [:njn],0,1,0,0,0
1023008,RESOLVED WORKSFORME,2014-06-09 17:47,2014-06-13 22:29,Gaia::System,unspecified,ARM Gonk (Firefox OS),-- normal,,5,10,https://bugzilla.mozilla.org/show_bug.cgi?id=1023008,,Naoki Hirata :nhirata (please use needinfo instead of cc),0,0,0,0,0
1023359,NEW,2014-06-10 09:09,2014-06-11 09:30,Gaia::System,unspecified,All All,-- normal,,1,2,https://bugzilla.mozilla.org/show_bug.cgi?id=1023359,,Vivien Nicolas (:vingtetun) (:21) - (NOT reading bugmails, needinfo? please),0,1,1,69,0
1024847,RESOLVED FIXED,2014-06-12 20:25,2014-06-13 03:37,Gaia::Settings,unspecified,ARM Gonk (Firefox OS),-- normal,,2,5,https://bugzilla.mozilla.org/show_bug.cgi?id=1024847,,Arthur Chen [:arthurcc],0,1,0,0,0
858885,RESOLVED INVALID,2013-04-05 21:34,2013-04-05 23:07,Gaia::E-Mail,unspecified,x86_64 Linux,-- normal,,1,2,https://bugzilla.mozilla.org/show_bug.cgi?id=858885,,Andrew Sutherland [:asuth] (important r/f/ni reqs only thru Jun 30),0,0,0,0,0
831325,RESOLVED FIXED,2013-01-16 08:28,2013-02-07 05:33,Gaia::Settings,unspecified,ARM Gonk (Firefox OS),-- normal,blocking-b2g: -,2,1,https://bugzilla.mozilla.org/show_bug.cgi?id=831325,,Carlos Martínez Toral [:carlosmartinez],0,0,0,0,0
849177,NEW,2013-03-08 03:05,2013-12-11 01:26,Gaia::Settings,unspecified,ARM Gonk (Firefox OS),P2 normal,,9,3,https://bugzilla.mozilla.org/show_bug.cgi?id=849177,,sync-1,0,0,0,0,0
878007,UNCONFIRMED,2013-05-31 02:58,2014-01-05 22:09,General,unspecified,All All,-- normal,,4,1,https://bugzilla.mozilla.org/show_bug.cgi?id=878007,,Binyamin,0,0,0,0,0
878008,UNCONFIRMED,2013-05-31 03:00,2014-01-05 22:06,General,unspecified,All All,-- normal,,3,1,https://bugzilla.mozilla.org/show_bug.cgi?id=878008,,Binyamin,0,0,0,0,0
737308,RESOLVED FIXED,2012-03-19 19:18,2012-03-20 20:24,General,unspecified,All Gonk (Firefox OS),-- normal,,2,2,https://bugzilla.mozilla.org/show_bug.cgi?id=737308,,&lt;away until June 29&gt; Kan-Ru Chen [:kanru],0,0,1,25,0
738529,RESOLVED FIXED,2012-03-22 19:24,2012-03-24 23:53,General,unspecified,All All,-- normal,,1,7,https://bugzilla.mozilla.org/show_bug.cgi?id=738529,,&lt;away until June 29&gt; Kan-Ru Chen [:kanru],1,0,1,60,0
743852,RESOLVED INVALID,2012-04-09 15:56,2012-04-09 20:37,General,unspecified,ARM Gonk (Firefox OS),-- normal,,1,3,https://bugzilla.mozilla.org/show_bug.cgi?id=743852,,Philipp von Weitershausen [:philikon],0,0,0,0,0
756700,RESOLVED FIXED,2012-05-18 17:03,2012-05-19 06:39,General,unspecified,All All,-- normal,,2,2,https://bugzilla.mozilla.org/show_bug.cgi?id=756700,,Fabrice Desré [:fabrice],0,0,1,17,0
769220,RESOLVED DUPLICATE of,2012-06-28 05:14,2014-01-03 02:53,General,unspecified,ARM All,-- major,,6,3,https://bugzilla.mozilla.org/show_bug.cgi?id=769220,,Tony Chung [:tchung],0,0,0,0,0
796367,RESOLVED FIXED,2012-10-01 20:31,2014-02-24 04:47,Gaia::System,unspecified,All All,-- normal,,3,1,https://bugzilla.mozilla.org/show_bug.cgi?id=796367,,GH to BZ,0,0,0,0,0
796462,NEW,2012-10-01 21:19,2012-11-10 09:22,Gaia::System,unspecified,All All,-- normal,,2,1,https://bugzilla.mozilla.org/show_bug.cgi?id=796462,,GH to BZ,0,0,0,0,0
796634,RESOLVED FIXED,2012-10-01 22:38,2013-12-23 16:20,Gaia::System,unspecified,All All,-- normal,,4,4,https://bugzilla.mozilla.org/show_bug.cgi?id=796634,,GH to BZ,0,0,0,0,0
796834,RESOLVED FIXED,2012-10-02 00:28,2012-10-07 12:23,General,unspecified,ARM Gonk (Firefox OS),-- normal,,4,8,https://bugzilla.mozilla.org/show_bug.cgi?id=796834,,Vincent Liu[:vliu][PTO:6/22~6/27],0,0,1,31,0
800917,RESOLVED WORKSFORME,2012-10-12 07:35,2012-10-12 08:35,Gaia,unspecified,ARM Gonk (Firefox OS),-- normal,,2,1,https://bugzilla.mozilla.org/show_bug.cgi?id=800917,,Rebecca Billings [:rbillings],0,0,0,0,0
801462,RESOLVED WONTFIX,2012-10-14 15:02,2012-10-28 19:06,Gaia,unspecified,All All,-- normal,blocking-basecamp: -,4,6,https://bugzilla.mozilla.org/show_bug.cgi?id=801462,,Tim Taubert [:ttaubert] (away July 7th-18th),0,0,0,0,0
809339,RESOLVED DUPLICATE of,2012-11-06 23:08,2012-11-06 23:11,Gaia,unspecified,All Other,-- normal,,0,1,https://bugzilla.mozilla.org/show_bug.cgi?id=809339,,Peter La,0,0,0,0,0
809378,RESOLVED DUPLICATE of,2012-11-07 02:45,2012-12-05 23:07,General,unspecified,All Gonk (Firefox OS),-- normal,,5,3,https://bugzilla.mozilla.org/show_bug.cgi?id=809378,,&lt;away until June 29&gt; Kan-Ru Chen [:kanru],0,0,0,0,0
813085,RESOLVED FIXED,2012-11-19 06:56,2013-01-08 02:35,Gaia::Homescreen,unspecified,All Gonk (Firefox OS),-- normal,blocking-basecamp: -,9,7,https://bugzilla.mozilla.org/show_bug.cgi?id=813085,,Pablo Sanchez [:pabloUX],0,0,0,0,0
814377,RESOLVED DUPLICATE of,2012-11-22 04:08,2012-12-19 07:57,Gaia::System,unspecified,x86 Mac OS X,P2 normal,,1,2,https://bugzilla.mozilla.org/show_bug.cgi?id=814377,,Sergi,0,0,0,0,0
817178,RESOLVED WORKSFORME,2012-11-30 15:06,2013-07-17 15:27,Gaia::System,unspecified,ARM Gonk (Firefox OS),-- normal,blocking-basecamp: -,4,3,https://bugzilla.mozilla.org/show_bug.cgi?id=817178,,John Hammink,0,0,0,0,0
817489,RESOLVED DUPLICATE of,2012-12-02 21:03,2014-04-25 14:08,Gaia::Clock,unspecified,ARM Gonk (Firefox OS),P4 normal,blocking-b2g: backlog blocking-basecamp: -,17,19,https://bugzilla.mozilla.org/show_bug.cgi?id=817489,,Ian Liu [:ianliu],1,1,0,0,0
822463,VERIFIED FIXED,2012-12-17 14:52,2013-01-03 16:34,Gaia::System,unspecified,ARM Gonk (Firefox OS),P2 normal,blocking-basecamp: +,6,6,https://bugzilla.mozilla.org/show_bug.cgi?id=822463,,Daniel Holbert [:dholbert],0,0,1,12,0
822649,RESOLVED DUPLICATE of,2012-12-18 06:16,2012-12-19 02:04,Gaia::System,unspecified,x86_64 Gonk (Firefox OS),-- normal,,3,2,https://bugzilla.mozilla.org/show_bug.cgi?id=822649,,Isabel Rios [:isabel_rios],0,0,0,0,0
824408,RESOLVED WORKSFORME,2012-12-23 18:14,2013-01-13 22:34,General,unspecified,All All,-- normal,,2,2,https://bugzilla.mozilla.org/show_bug.cgi?id=824408,,Firefox_Mozilla,0,0,0,0,0
824541,RESOLVED INVALID,2012-12-24 16:51,2012-12-26 23:16,Gaia,unspecified,ARM Gonk (Firefox OS),-- normal,,4,2,https://bugzilla.mozilla.org/show_bug.cgi?id=824541,,Ralph Daub [:rdaub],0,0,0,0,0
824551,VERIFIED FIXED,2012-12-24 17:50,2013-02-15 07:58,Gaia::System,unspecified,All All,-- normal,blocking-b2g: tef+ blocking-basecamp: -,27,49,https://bugzilla.mozilla.org/show_bug.cgi?id=824551,,Firefox_Mozilla,0,0,1,1121,0
825653,RESOLVED FIXED,2012-12-31 12:23,2013-01-07 07:48,Gaia::System,unspecified,x86_64 Linux,P3 normal,blocking-basecamp: +,4,9,https://bugzilla.mozilla.org/show_bug.cgi?id=825653,,Josh Matthews [:jdm],0,0,0,0,0
825656,RESOLVED DUPLICATE of,2012-12-31 12:25,2013-01-02 10:10,General,unspecified,x86_64 Linux,-- normal,blocking-basecamp: +,3,1,https://bugzilla.mozilla.org/show_bug.cgi?id=825656,,Josh Matthews [:jdm],0,0,0,0,0
825798,RESOLVED FIXED,2013-01-01 17:26,2013-01-03 04:23,Gaia::System,unspecified,ARM Gonk (Firefox OS),P1 normal,blocking-basecamp: +,6,9,https://bugzilla.mozilla.org/show_bug.cgi?id=825798,,Michael Vines [:m1] [:evilmachines],0,1,0,0,0
826266,RESOLVED DUPLICATE of,2013-01-03 06:36,2013-05-01 18:24,Gaia::System,unspecified,ARM Gonk (Firefox OS),-- normal,blocking-basecamp: -,4,2,https://bugzilla.mozilla.org/show_bug.cgi?id=826266,,Nicolas B. Pierron [:nbp],0,0,0,0,0
826282,RESOLVED WONTFIX,2013-01-03 07:21,2013-05-16 07:48,Gaia::Camera,unspecified,ARM Gonk (Firefox OS),-- normal,blocking-basecamp: -,2,1,https://bugzilla.mozilla.org/show_bug.cgi?id=826282,,Nicolas B. Pierron [:nbp],0,0,0,0,0
826846,VERIFIED FIXED,2013-01-04 14:05,2013-01-13 18:54,General,unspecified,ARM Gonk (Firefox OS),-- blocker,blocking-basecamp: +,15,16,https://bugzilla.mozilla.org/show_bug.cgi?id=826846,,Jason Smith [:jsmith],0,1,1,145,0
827109,RESOLVED FIXED,2013-01-06 07:09,2013-06-09 19:50,Gaia::System,unspecified,ARM Gonk (Firefox OS),-- normal,blocking-basecamp: -,11,18,https://bugzilla.mozilla.org/show_bug.cgi?id=827109,,Alexandre LISSY :gerard-majax,0,0,0,0,0
827110,RESOLVED FIXED,2013-01-06 07:13,2013-03-14 16:47,Gaia::System,unspecified,ARM Gonk (Firefox OS),-- normal,blocking-basecamp: -,6,6,https://bugzilla.mozilla.org/show_bug.cgi?id=827110,,Alexandre LISSY :gerard-majax,0,1,0,0,0
827320,NEW,2013-01-07 06:37,2013-01-15 12:38,General,unspecified,ARM Gonk (Firefox OS),-- normal,blocking-basecamp: -,4,7,https://bugzilla.mozilla.org/show_bug.cgi?id=827320,,Naoki Hirata :nhirata (please use needinfo instead of cc),0,0,0,0,0
828295,RESOLVED FIXED,2013-01-09 06:00,2013-01-11 02:33,Gaia::Settings,unspecified,ARM Gonk (Firefox OS),-- normal,,6,8,https://bugzilla.mozilla.org/show_bug.cgi?id=828295,,Tony Chung [:tchung],0,0,0,0,0
828320,NEW,2013-01-09 06:46,2013-01-28 08:31,Gaia,unspecified,All Other,-- normal,,6,4,https://bugzilla.mozilla.org/show_bug.cgi?id=828320,,Patryk Adamczyk [:patryk] UX,0,0,0,0,0
829000,RESOLVED WORKSFORME,2013-01-10 06:48,2013-01-10 07:11,Gaia::Settings,unspecified,ARM Gonk (Firefox OS),-- normal,blocking-basecamp: -,2,1,https://bugzilla.mozilla.org/show_bug.cgi?id=829000,,Alexandre LISSY :gerard-majax,0,0,0,0,0
829859,RESOLVED WONTFIX,2013-01-11 18:38,2013-01-15 02:21,Gaia::Video,unspecified,ARM Gonk (Firefox OS),-- normal,,8,6,https://bugzilla.mozilla.org/show_bug.cgi?id=829859,,Inder,0,1,0,0,0
832846,UNCONFIRMED,2013-01-20 22:35,2014-04-19 01:34,Gaia::FMRadio,unspecified,ARM Gonk (Firefox OS),-- normal,,7,4,https://bugzilla.mozilla.org/show_bug.cgi?id=832846,,Firefox_Mozilla,0,0,0,0,0
840914,RESOLVED WORKSFORME,2013-02-13 01:20,2013-02-24 23:22,Gaia,unspecified,x86 Windows XP,-- normal,,1,2,https://bugzilla.mozilla.org/show_bug.cgi?id=840914,,Leo,0,0,0,0,0
841595,NEW,2013-02-14 16:08,2013-09-29 06:30,Gaia::System,unspecified,ARM Gonk (Firefox OS),-- normal,,2,1,https://bugzilla.mozilla.org/show_bug.cgi?id=841595,,John Hammink,1,1,0,0,0
843893,RESOLVED FIXED,2013-02-21 17:04,2013-04-10 23:10,General,unspecified,All All,-- normal,,21,64,https://bugzilla.mozilla.org/show_bug.cgi?id=843893,,Jonathan Griffin (:jgriffin),1,1,1,158,0
845522,NEW,2013-02-26 13:23,2013-11-18 03:03,General,unspecified,ARM Gonk (Firefox OS),P4 normal,,7,6,https://bugzilla.mozilla.org/show_bug.cgi?id=845522,,Nicolas B. Pierron [:nbp],0,0,0,0,0
845919,NEW,2013-02-27 10:42,2013-02-27 10:42,Gaia::System,unspecified,ARM Gonk (Firefox OS),-- normal,,0,0,https://bugzilla.mozilla.org/show_bug.cgi?id=845919,,Naoki Hirata :nhirata (please use needinfo instead of cc),0,0,0,0,0
846168,RESOLVED INVALID,2013-02-27 20:52,2013-03-25 17:14,Gaia::Settings,unspecified,ARM Gonk (Firefox OS),-- major,,2,2,https://bugzilla.mozilla.org/show_bug.cgi?id=846168,,Leo,0,0,0,0,0
847096,RESOLVED WORKSFORME,2013-03-02 13:56,2013-04-22 08:11,Gaia::System::Lockscreen,unspecified,ARM Gonk (Firefox OS),-- normal,,2,4,https://bugzilla.mozilla.org/show_bug.cgi?id=847096,,David Baron [:dbaron] (UTC-7) (needinfo? for questions),0,0,0,0,0
847264,VERIFIED FIXED,2013-03-03 19:51,2013-05-26 20:01,Gaia,unspecified,x86_64 Linux,-- normal,blocking-b2g: tef+,13,9,https://bugzilla.mozilla.org/show_bug.cgi?id=847264,,KM Lee [:rexboy][:蠟蠟蠟蠟],0,1,0,0,0
847269,RESOLVED WORKSFORME,2013-03-03 20:53,2013-06-19 15:14,Gaia::System,unspecified,ARM Gonk (Firefox OS),-- normal,blocking-b2g: leo+,5,17,https://bugzilla.mozilla.org/show_bug.cgi?id=847269,,Leo,0,0,0,0,0
849339,VERIFIED FIXED,2013-03-08 11:33,2013-05-09 13:59,Gaia::System,unspecified,ARM Gonk (Firefox OS),-- normal,,15,17,https://bugzilla.mozilla.org/show_bug.cgi?id=849339,,mlevin,0,0,0,0,0
850117,NEW,2013-03-11 20:50,2013-12-11 01:20,Gaia::System,unspecified,ARM Gonk (Firefox OS),P2 normal,,10,7,https://bugzilla.mozilla.org/show_bug.cgi?id=850117,,sync-1,0,0,0,0,0
850143,RESOLVED WONTFIX,2013-03-12 00:58,2013-03-21 16:23,Gaia::System,unspecified,ARM Gonk (Firefox OS),-- critical,blocking-b2g: -,1,1,https://bugzilla.mozilla.org/show_bug.cgi?id=850143,,Leo,0,0,0,0,0
851452,NEW,2013-03-15 03:13,2013-04-03 00:11,Gaia::System,unspecified,x86 Windows XP,-- normal,,5,6,https://bugzilla.mozilla.org/show_bug.cgi?id=851452,,leo.bugzilla.gecko,1,0,0,0,0
853454,VERIFIED FIXED,2013-03-21 08:10,2013-04-16 06:08,General,unspecified,x86 Gonk (Firefox OS),-- normal,blocking-b2g: tef+,34,31,https://bugzilla.mozilla.org/show_bug.cgi?id=853454,,Michael Vines [:m1] [:evilmachines],1,1,1,89,0
854200,NEW,2013-03-24 08:41,2014-06-16 16:51,General,unspecified,ARM Gonk (Firefox OS),-- normal,,19,90,https://bugzilla.mozilla.org/show_bug.cgi?id=854200,,Vincent Chang[:vchang],1,1,6,127 160 196 234 413 156,0
854202,NEW,2013-03-24 08:48,2013-12-05 16:32,General,unspecified,ARM Android,-- normal,,9,27,https://bugzilla.mozilla.org/show_bug.cgi?id=854202,,Vincent Chang[:vchang],1,0,1,114,0
854204,NEW,2013-03-24 08:51,2013-11-27 23:33,General,unspecified,ARM Gonk (Firefox OS),-- normal,,9,22,https://bugzilla.mozilla.org/show_bug.cgi?id=854204,,Vincent Chang[:vchang],1,0,2,140 336,0
854206,NEW,2013-03-24 08:54,2013-11-28 22:55,General,unspecified,ARM Gonk (Firefox OS),-- normal,,6,10,https://bugzilla.mozilla.org/show_bug.cgi?id=854206,,Vincent Chang[:vchang],1,0,2,278 239,0
854207,NEW,2013-03-24 08:55,2013-08-22 02:00,General,unspecified,ARM Gonk (Firefox OS),-- normal,,4,0,https://bugzilla.mozilla.org/show_bug.cgi?id=854207,,Vincent Chang[:vchang],1,0,0,0,0
854208,NEW,2013-03-24 08:57,2013-09-03 08:38,General,unspecified,ARM Gonk (Firefox OS),-- normal,,8,12,https://bugzilla.mozilla.org/show_bug.cgi?id=854208,,Vincent Chang[:vchang],1,0,2,99 232,0
854842,VERIFIED FIXED,2013-03-26 04:09,2013-04-18 04:19,Gaia::First Time Experience,unspecified,ARM Gonk (Firefox OS),-- normal,blocking-b2g: tef+,15,19,https://bugzilla.mozilla.org/show_bug.cgi?id=854842,,Yuren [:yurenju],0,1,0,0,0
856946,VERIFIED FIXED,2013-04-01 22:53,2013-04-29 16:00,General,unspecified,ARM All,-- normal,blocking-b2g: tef+,33,19,https://bugzilla.mozilla.org/show_bug.cgi?id=856946,,vasanth,0,1,0,0,0
859227,NEW,2013-04-08 00:58,2013-04-18 04:19,General,unspecified,ARM Gonk (Firefox OS),-- normal,,12,11,https://bugzilla.mozilla.org/show_bug.cgi?id=859227,,Alive Kuo [:alive][NEEDINFO!][OOO until 6/30],1,1,0,0,0
860595,VERIFIED FIXED,2013-04-10 20:44,2013-04-16 20:51,Gaia::System,unspecified,ARM Gonk (Firefox OS),-- critical,blocking-b2g: tef+,14,20,https://bugzilla.mozilla.org/show_bug.cgi?id=860595,,Yuren [:yurenju],0,0,0,0,1
860760,RESOLVED FIXED,2013-04-11 07:45,2013-12-10 23:35,General,unspecified,ARM Gonk (Firefox OS),-- normal,blocking-b2g: leo+,21,21,https://bugzilla.mozilla.org/show_bug.cgi?id=860760,,Diego Wilson [:diego],0,1,2,130 175,0
861097,VERIFIED FIXED,2013-04-12 01:35,2013-06-03 10:24,Gaia::System,unspecified,ARM Gonk (Firefox OS),P2 normal,blocking-b2g: tef+,14,20,https://bugzilla.mozilla.org/show_bug.cgi?id=861097,,sync-1,0,0,1,0,0
861180,RESOLVED FIXED,2013-04-12 07:06,2013-04-12 07:12,Gaia,unspecified,x86 Mac OS X,-- normal,,1,2,https://bugzilla.mozilla.org/show_bug.cgi?id=861180,,Kevin Grandon :kgrandon,0,0,0,0,0
861468,RESOLVED DUPLICATE of,2013-04-12 20:15,2013-12-11 01:10,Gaia,unspecified,ARM Gonk (Firefox OS),P1 normal,blocking-b2g: -,11,5,https://bugzilla.mozilla.org/show_bug.cgi?id=861468,,sync-1,0,0,0,0,0
862664,VERIFIED FIXED,2013-04-16 21:39,2013-04-29 01:38,Gaia::System,unspecified,x86_64 Linux,-- normal,blocking-b2g: tef+,5,15,https://bugzilla.mozilla.org/show_bug.cgi?id=862664,,Askeing Yen[:askeing] (PTO from 5/23 to 6/8),0,0,0,0,0
863196,RESOLVED FIXED,2013-04-18 04:19,2013-05-07 09:29,Gaia::First Time Experience,unspecified,ARM Gonk (Firefox OS),-- normal,blocking-b2g: tef+,23,19,https://bugzilla.mozilla.org/show_bug.cgi?id=863196,,Alive Kuo [:alive][NEEDINFO!][OOO until 6/30],1,1,0,0,0
864620,RESOLVED DUPLICATE of,2013-04-22 19:58,2013-04-23 01:13,Gaia::System,unspecified,ARM Gonk (Firefox OS),-- normal,,2,2,https://bugzilla.mozilla.org/show_bug.cgi?id=864620,,Leo,0,0,0,0,0
867912,VERIFIED FIXED,2013-05-02 00:40,2013-12-03 06:18,Gaia::System,unspecified,ARM Gonk (Firefox OS),P1 normal,blocking-b2g: tef+,24,35,https://bugzilla.mozilla.org/show_bug.cgi?id=867912,,sync-1,1,1,0,0,0
869348,RESOLVED FIXED,2013-05-07 01:35,2013-05-14 01:53,Gaia,unspecified,ARM Gonk (Firefox OS),P1 normal,blocking-b2g: tef+,13,10,https://bugzilla.mozilla.org/show_bug.cgi?id=869348,,sync-1,0,1,0,0,0
870882,RESOLVED WONTFIX,2013-05-10 10:48,2013-11-04 03:11,Bluetooth,unspecified,x86 Mac OS X,-- major,,7,10,https://bugzilla.mozilla.org/show_bug.cgi?id=870882,,Shawn Huang [:shuang] [:shawnjohnjr],0,1,0,0,0
874366,NEW,2013-05-21 02:38,2013-06-05 05:42,Gaia::System::Lockscreen,unspecified,ARM Gonk (Firefox OS),-- enhancement,,3,3,https://bugzilla.mozilla.org/show_bug.cgi?id=874366,,Archaeopteryx [:aryx],1,0,0,0,0
875637,RESOLVED FIXED,2013-05-23 22:27,2013-08-06 09:18,Gaia::System,unspecified,ARM Gonk (Firefox OS),-- major,blocking-b2g: leo+,7,9,https://bugzilla.mozilla.org/show_bug.cgi?id=875637,,jeremy.kim.leo,1,1,1,33,0
875749,NEW,2013-05-24 06:22,2014-01-09 08:46,General,unspecified,All All,-- normal,,5,6,https://bugzilla.mozilla.org/show_bug.cgi?id=875749,,Alfredos-Panagiotis Damkalis [:fredy],0,0,0,0,0
876058,VERIFIED INVALID,2013-05-24 17:51,2013-07-01 16:51,Gaia::System,unspecified,ARM Gonk (Firefox OS),P2 normal,,7,6,https://bugzilla.mozilla.org/show_bug.cgi?id=876058,,ckreinbring,0,0,0,0,0
880144,UNCONFIRMED,2013-06-06 00:34,2013-06-18 00:00,General,unspecified,All All,-- normal,,7,9,https://bugzilla.mozilla.org/show_bug.cgi?id=880144,,jacocc,0,0,0,0,0
880507,RESOLVED DUPLICATE of,2013-06-06 16:15,2013-07-10 08:55,General,unspecified,ARM Gonk (Firefox OS),-- normal,,13,16,https://bugzilla.mozilla.org/show_bug.cgi?id=880507,,Jason Smith [:jsmith],0,0,0,0,0
881584,RESOLVED FIXED,2013-06-10 19:02,2013-08-29 20:47,Gaia::Video,unspecified,ARM Gonk (Firefox OS),P1 major,blocking-b2g: leo+,18,43,https://bugzilla.mozilla.org/show_bug.cgi?id=881584,,leo.bugzilla.gecko,0,1,0,0,0
883065,RESOLVED INVALID,2013-06-14 00:52,2013-12-19 00:28,RIL,unspecified,All All,-- normal,,11,12,https://bugzilla.mozilla.org/show_bug.cgi?id=883065,,sam.hua,0,1,0,0,0
887627,RESOLVED FIXED,2013-06-26 21:26,2013-07-02 12:42,General,unspecified,x86_64 Gonk (Firefox OS),-- normal,,1,12,https://bugzilla.mozilla.org/show_bug.cgi?id=887627,,Michael Vines [:m1] [:evilmachines],0,1,1,344,0
887943,RESOLVED INVALID,2013-06-27 12:00,2013-10-14 00:30,Gaia::Settings,unspecified,ARM Gonk (Firefox OS),-- normal,,1,1,https://bugzilla.mozilla.org/show_bug.cgi?id=887943,,Darren,0,0,0,0,0
888496,RESOLVED DUPLICATE of,2013-06-28 14:48,2013-07-01 10:14,Gaia::System,unspecified,ARM Gonk (Firefox OS),-- normal,,5,3,https://bugzilla.mozilla.org/show_bug.cgi?id=888496,,Delphine Lebédel [:delphine - use needinfo],0,0,0,0,0
888552,RESOLVED FIXED,2013-06-28 18:20,2013-07-10 06:52,Wifi,unspecified,All Gonk (Firefox OS),-- normal,,2,6,https://bugzilla.mozilla.org/show_bug.cgi?id=888552,,Michael Wu [:mwu],1,1,1,31,0
889516,NEW,2013-07-02 12:11,2013-08-26 06:52,Gaia::Settings,unspecified,ARM Gonk (Firefox OS),-- normal,,4,5,https://bugzilla.mozilla.org/show_bug.cgi?id=889516,,sarsenyev,0,1,0,0,0
890154,ASSIGNED,2013-07-03 21:32,2014-05-29 09:22,Performance,unspecified,ARM Gonk (Firefox OS),P4 enhancement,,36,38,https://bugzilla.mozilla.org/show_bug.cgi?id=890154,,Leo,1,0,0,0,0
891238,RESOLVED FIXED,2013-07-08 22:10,2013-08-05 16:49,General,unspecified,ARM Gonk (Firefox OS),P1 major,blocking-b2g: leo+,9,45,https://bugzilla.mozilla.org/show_bug.cgi?id=891238,,leo.bugzilla.gecko,0,0,2,147 1536,0
891692,NEW,2013-07-09 20:37,2013-09-03 08:39,General,unspecified,ARM Gonk (Firefox OS),-- normal,,3,3,https://bugzilla.mozilla.org/show_bug.cgi?id=891692,,Gavin Lai[:glai],1,0,1,154,0
892653,RESOLVED WORKSFORME,2013-07-11 12:44,2013-08-29 10:02,General,unspecified,ARM Gonk (Firefox OS),-- normal,,7,6,https://bugzilla.mozilla.org/show_bug.cgi?id=892653,,Tapas Kumar Kundu,1,0,0,0,0
892838,NEW,2013-07-11 19:57,2013-08-22 00:18,General,unspecified,ARM Gonk (Firefox OS),-- normal,,2,6,https://bugzilla.mozilla.org/show_bug.cgi?id=892838,,Gavin Lai[:glai],0,0,0,0,0
894263,RESOLVED FIXED,2013-07-16 01:54,2013-12-30 00:34,Gaia::Settings,unspecified,All All,P1 normal,blocking-b2g: leo+,15,17,https://bugzilla.mozilla.org/show_bug.cgi?id=894263,,sync-1,0,0,0,0,0
896322,RESOLVED FIXED,2013-07-21 22:56,2013-08-07 20:17,Gaia::System,unspecified,ARM Gonk (Firefox OS),P1 blocker,blocking-b2g: leo+,3,9,https://bugzilla.mozilla.org/show_bug.cgi?id=896322,,Leo,0,0,0,0,0
897806,RESOLVED INVALID,2013-07-24 19:31,2013-08-04 20:08,Gaia::Video,unspecified,All All,-- normal,,0,0,https://bugzilla.mozilla.org/show_bug.cgi?id=897806,,wangchao,0,0,0,0,0
898385,RESOLVED FIXED,2013-07-26 04:58,2013-08-25 22:39,Gaia::System,unspecified,ARM Gonk (Firefox OS),P1 normal,blocking-b2g: leo+,20,29,https://bugzilla.mozilla.org/show_bug.cgi?id=898385,,Alive Kuo [:alive][NEEDINFO!][OOO until 6/30],1,1,1,3,0
898707,RESOLVED INVALID,2013-07-26 21:09,2014-04-29 10:36,Vendcom,unspecified,All All,P1 blocker,blocking-b2g: hd+,14,29,https://bugzilla.mozilla.org/show_bug.cgi?id=898707,,DingYu,0,0,0,0,0
899417,NEW,2013-07-29 19:28,2013-12-11 01:29,Gaia::Settings,unspecified,All All,P1 normal,,5,4,https://bugzilla.mozilla.org/show_bug.cgi?id=899417,,sync-1,0,0,0,0,0
902191,RESOLVED INVALID,2013-08-06 15:01,2013-10-25 11:48,General,unspecified,ARM Gonk (Firefox OS),P2 normal,,1,2,https://bugzilla.mozilla.org/show_bug.cgi?id=902191,,Dave Huseby [:huseby],0,0,0,0,0
903279,RESOLVED WONTFIX,2013-08-08 22:49,2014-03-06 17:17,General,unspecified,ARM Gonk (Firefox OS),P1 major,blocking-b2g: -,24,50,https://bugzilla.mozilla.org/show_bug.cgi?id=903279,,leo.bugzilla.gecko,1,1,1,283,0
903378,RESOLVED FIXED,2013-08-09 04:40,2013-09-25 07:16,General,unspecified,ARM Gonk (Firefox OS),-- normal,,6,8,https://bugzilla.mozilla.org/show_bug.cgi?id=903378,,William Hsu [:whsu],0,0,0,0,0
905964,NEW,2013-08-16 02:46,2013-10-30 01:46,General,unspecified,ARM Gonk (Firefox OS),-- normal,blocking-b2g: -,9,20,https://bugzilla.mozilla.org/show_bug.cgi?id=905964,,Enpei,0,0,0,0,0
906195,RESOLVED DUPLICATE of,2013-08-16 14:24,2013-08-16 14:25,General,unspecified,All All,-- normal,,1,1,https://bugzilla.mozilla.org/show_bug.cgi?id=906195,,timwj,0,0,0,0,0
907589,UNCONFIRMED,2013-08-20 23:22,2013-10-10 21:13,Gaia::System::Lockscreen,unspecified,x86 Windows 7,P3 normal,,2,1,https://bugzilla.mozilla.org/show_bug.cgi?id=907589,,lecky,0,0,0,0,0
908593,NEW,2013-08-23 00:33,2013-12-11 01:31,Gaia::System,unspecified,All All,P1 normal,,11,19,https://bugzilla.mozilla.org/show_bug.cgi?id=908593,,sync-1,0,0,0,0,0
909174,RESOLVED DUPLICATE of,2013-08-25 18:46,2013-08-26 09:30,Gaia::Homescreen,unspecified,All All,-- normal,,3,2,https://bugzilla.mozilla.org/show_bug.cgi?id=909174,,zhangdapeng,0,1,0,0,0
910992,RESOLVED INVALID,2013-08-29 20:15,2013-10-08 06:14,General,unspecified,All All,P2 critical,,2,0,https://bugzilla.mozilla.org/show_bug.cgi?id=910992,,lecky,0,0,0,0,0
911001,RESOLVED FIXED,2013-08-29 20:35,2013-10-18 03:03,Gaia::Settings,unspecified,All All,-- normal,blocking-b2g: leo+,10,20,https://bugzilla.mozilla.org/show_bug.cgi?id=911001,,lecky,0,0,0,0,0
911007,NEW,2013-08-29 20:46,2014-04-21 19:23,Gaia::Settings,unspecified,All All,P1 critical,blocking-b2g: backlog,8,18,https://bugzilla.mozilla.org/show_bug.cgi?id=911007,,lecky,0,1,0,0,0
911054,UNCONFIRMED,2013-08-30 00:12,2013-10-11 00:02,Gaia::Settings,unspecified,All All,P2 normal,blocking-b2g: -,4,5,https://bugzilla.mozilla.org/show_bug.cgi?id=911054,,lecky,0,0,0,0,0
911057,RESOLVED DUPLICATE of,2013-08-30 00:21,2013-10-10 23:49,Gaia::Settings,unspecified,All All,P2 normal,blocking-b2g: -,3,3,https://bugzilla.mozilla.org/show_bug.cgi?id=911057,,lecky,0,0,0,0,0
911128,RESOLVED FIXED,2013-08-30 03:16,2013-09-10 01:57,General,unspecified,ARM Gonk (Firefox OS),-- normal,,0,1,https://bugzilla.mozilla.org/show_bug.cgi?id=911128,,viral [:viralwang],0,0,0,0,0
911867,NEW,2013-09-02 18:27,2013-12-11 01:31,Gaia::System,unspecified,All All,P1 normal,,3,0,https://bugzilla.mozilla.org/show_bug.cgi?id=911867,,sync-1,0,0,0,0,0
912410,RESOLVED INVALID,2013-09-04 02:32,2013-09-04 07:49,General,unspecified,All All,-- normal,,2,1,https://bugzilla.mozilla.org/show_bug.cgi?id=912410,,Reddygari Dinesh Kumar Reddy,0,0,0,0,0
912827,RESOLVED INCOMPLETE,2013-09-04 20:28,2013-10-23 21:12,Vendcom,unspecified,All All,P1 blocker,,4,2,https://bugzilla.mozilla.org/show_bug.cgi?id=912827,,lecky,0,0,0,0,0
913422,RESOLVED INVALID,2013-09-06 04:11,2013-09-17 23:02,General,unspecified,ARM Gonk (Firefox OS),-- normal,,1,1,https://bugzilla.mozilla.org/show_bug.cgi?id=913422,,Borting Chen [:borting],0,0,0,0,0
914812,NEW,2013-09-10 12:33,2013-09-10 12:46,Gaia,unspecified,All All,-- normal,,1,1,https://bugzilla.mozilla.org/show_bug.cgi?id=914812,,Benoit Jacob [:bjacob],0,0,0,0,0
915619,RESOLVED FIXED,2013-09-12 04:57,2013-10-28 08:36,Gaia::Settings,unspecified,All All,P1 normal,,7,10,https://bugzilla.mozilla.org/show_bug.cgi?id=915619,,sync-1,0,0,0,0,0
915663,NEW,2013-09-12 06:50,2014-03-24 15:39,General,unspecified,ARM Gonk (Firefox OS),P2 normal,,10,1,https://bugzilla.mozilla.org/show_bug.cgi?id=915663,,Dave Huseby [:huseby],1,0,0,0,0
915672,RESOLVED FIXED,2013-09-12 07:17,2013-11-27 08:52,General,unspecified,ARM Gonk (Firefox OS),-- normal,,9,34,https://bugzilla.mozilla.org/show_bug.cgi?id=915672,,Dave Huseby [:huseby],1,1,0,0,1
915679,RESOLVED WONTFIX,2013-09-12 07:32,2014-04-15 10:27,General,unspecified,ARM Gonk (Firefox OS),P2 normal,,5,1,https://bugzilla.mozilla.org/show_bug.cgi?id=915679,,Dave Huseby [:huseby],1,1,0,0,0
915714,RESOLVED FIXED,2013-09-12 08:26,2013-12-09 11:27,General,unspecified,ARM Gonk (Firefox OS),P2 normal,,4,3,https://bugzilla.mozilla.org/show_bug.cgi?id=915714,,Dave Huseby [:huseby],0,0,0,0,0
915716,NEW,2013-09-12 08:29,2014-03-30 02:24,General,unspecified,ARM Gonk (Firefox OS),P3 normal,,5,7,https://bugzilla.mozilla.org/show_bug.cgi?id=915716,,Dave Huseby [:huseby],1,1,0,0,0
915719,NEW,2013-09-12 08:34,2014-03-28 10:48,General,unspecified,ARM Android,P3 normal,,5,3,https://bugzilla.mozilla.org/show_bug.cgi?id=915719,,Dave Huseby [:huseby],0,1,0,0,0
916112,RESOLVED FIXED,2013-09-13 07:20,2014-02-09 09:05,General,unspecified,x86 Mac OS X,-- normal,,6,9,https://bugzilla.mozilla.org/show_bug.cgi?id=916112,,Milan Sreckovic [:milan],0,1,1,53,0
916395,RESOLVED INVALID,2013-09-13 19:25,2013-10-24 02:56,General,unspecified,ARM Gonk (Firefox OS),P1 normal,,3,4,https://bugzilla.mozilla.org/show_bug.cgi?id=916395,,lecky,0,0,0,0,0
916418,NEW,2013-09-14 00:22,2013-12-11 01:31,Gaia::System,unspecified,All All,P2 normal,,3,4,https://bugzilla.mozilla.org/show_bug.cgi?id=916418,,sync-1,0,0,0,0,0
917378,RESOLVED FIXED,2013-09-17 09:33,2013-10-15 13:46,General,unspecified,x86_64 Linux,-- normal,,3,2,https://bugzilla.mozilla.org/show_bug.cgi?id=917378,,Jon Hylands [:jhylands],0,1,0,0,0
918944,NEW,2013-09-20 11:49,2013-11-01 09:59,Vendcom,unspecified,ARM Gonk (Firefox OS),-- normal,,12,39,https://bugzilla.mozilla.org/show_bug.cgi?id=918944,,ktucker,0,0,0,0,0
919903,NEW,2013-09-24 00:36,2014-06-20 05:57,Gaia::System::Lockscreen,unspecified,ARM Gonk (Firefox OS),P3 normal,,2,3,https://bugzilla.mozilla.org/show_bug.cgi?id=919903,,Al Tsai [:atsai],0,0,0,0,0
921679,NEW,2013-09-27 16:56,2013-09-27 17:00,Gaia::Settings,unspecified,ARM Gonk (Firefox OS),-- normal,,0,1,https://bugzilla.mozilla.org/show_bug.cgi?id=921679,,ktucker,0,0,0,0,0
923398,NEW,2013-10-03 01:57,2013-11-27 23:49,General,unspecified,x86_64 Linux,-- normal,,2,0,https://bugzilla.mozilla.org/show_bug.cgi?id=923398,,Borting Chen [:borting],1,0,0,0,0
923444,RESOLVED FIXED,2013-10-03 07:14,2014-05-26 12:04,Gaia::System,unspecified,ARM Gonk (Firefox OS),P1 normal,blocking-b2g: backlog feature-b2g: 2.0,16,28,https://bugzilla.mozilla.org/show_bug.cgi?id=923444,,Marcelino Veiga Tuimil [:sonmarce],1,1,0,0,0
923446,RESOLVED FIXED,2013-10-03 07:18,2014-05-30 14:01,Gaia::System,unspecified,ARM Gonk (Firefox OS),P1 normal,blocking-b2g: backlog feature-b2g: 2.0,5,6,https://bugzilla.mozilla.org/show_bug.cgi?id=923446,,Marcelino Veiga Tuimil [:sonmarce],1,1,0,0,0
924313,UNCONFIRMED,2013-10-08 00:54,2014-02-11 19:21,Gaia::System,unspecified,All All,P2 major,,6,10,https://bugzilla.mozilla.org/show_bug.cgi?id=924313,,lecky,0,1,0,0,0
926215,REOPENED,2013-10-13 12:14,2014-05-12 05:31,General,unspecified,ARM Gonk (Firefox OS),P3 major,,7,12,https://bugzilla.mozilla.org/show_bug.cgi?id=926215,,Martijn Wargers [:mwargers] (QA),1,0,0,0,1
926836,RESOLVED FIXED,2013-10-15 02:33,2013-11-05 04:59,Gaia::System,unspecified,All All,-- normal,blocking-b2g: koi+,2,6,https://bugzilla.mozilla.org/show_bug.cgi?id=926836,,John Chang,1,0,0,0,0
928788,RESOLVED INVALID,2013-10-20 22:10,2013-10-21 06:40,General,unspecified,ARM Linux,P1 blocker,blocking-b2g: hd?,4,5,https://bugzilla.mozilla.org/show_bug.cgi?id=928788,,lecky,0,0,0,0,0
932698,NEW,2013-10-30 02:01,2014-06-23 11:52,General,unspecified,ARM Gonk (Firefox OS),-- normal,,2,3,https://bugzilla.mozilla.org/show_bug.cgi?id=932698,,Marco Chen [:mchen] (Workshop with Partner 6/16 ~ 6/20),0,0,1,107,0
932779,RESOLVED WONTFIX,2013-10-30 06:49,2013-11-06 00:44,NFC,unspecified,ARM Gonk (Firefox OS),-- normal,,3,4,https://bugzilla.mozilla.org/show_bug.cgi?id=932779,,Thomas Zimmermann [:tzimmermann] [:tdz],1,1,0,0,0
934424,UNCONFIRMED,2013-11-04 04:55,2014-01-01 22:50,Vendcom,unspecified,ARM Gonk (Firefox OS),P1 blocker,,7,51,https://bugzilla.mozilla.org/show_bug.cgi?id=934424,,lecky,0,0,1,22,0
936383,RESOLVED INVALID,2013-11-08 00:41,2014-03-26 19:17,Gaia::Settings,unspecified,ARM Gonk (Firefox OS),-- normal,blocking-b2g: hd+,4,5,https://bugzilla.mozilla.org/show_bug.cgi?id=936383,,William Hsu [:whsu],0,0,0,0,0
937288,UNCONFIRMED,2013-11-11 12:43,2014-06-20 05:57,Gaia::System::Lockscreen,unspecified,All All,-- normal,,4,3,https://bugzilla.mozilla.org/show_bug.cgi?id=937288,,debian,0,0,0,0,0
937394,RESOLVED FIXED,2013-11-11 15:53,2013-12-17 09:18,General,unspecified,ARM Gonk (Firefox OS),-- normal,blocking-b2g: koi+,16,40,https://bugzilla.mozilla.org/show_bug.cgi?id=937394,,Naoki Hirata :nhirata (please use needinfo instead of cc),1,1,0,0,0
938208,RESOLVED FIXED,2013-11-13 09:20,2013-12-04 12:37,Gaia::UI Tests,unspecified,Other Gonk (Firefox OS),P4 normal,,6,15,https://bugzilla.mozilla.org/show_bug.cgi?id=938208,,Zac C (:zac),0,0,0,0,0
939488,NEW,2013-11-16 21:56,2013-11-21 07:08,Gaia::System,unspecified,x86 Mac OS X,-- normal,,3,6,https://bugzilla.mozilla.org/show_bug.cgi?id=939488,,Benoit Girard (:BenWa) (Off until June 30th),0,0,0,0,0
940655,RESOLVED FIXED,2013-11-19 13:18,2013-12-09 11:26,General,unspecified,ARM Gonk (Firefox OS),P2 normal,,3,2,https://bugzilla.mozilla.org/show_bug.cgi?id=940655,,Dave Huseby [:huseby],0,1,0,0,0
940658,RESOLVED FIXED,2013-11-19 13:21,2013-12-09 11:26,General,unspecified,ARM Gonk (Firefox OS),P2 normal,,2,1,https://bugzilla.mozilla.org/show_bug.cgi?id=940658,,Dave Huseby [:huseby],0,1,0,0,0
940661,RESOLVED FIXED,2013-11-19 13:24,2013-12-09 11:53,General,unspecified,ARM Gonk (Firefox OS),P2 normal,,3,2,https://bugzilla.mozilla.org/show_bug.cgi?id=940661,,Dave Huseby [:huseby],0,1,0,0,0
940865,UNCONFIRMED,2013-11-19 23:12,2013-12-11 01:30,General,unspecified,ARM Gonk (Firefox OS),P1 blocker,,4,2,https://bugzilla.mozilla.org/show_bug.cgi?id=940865,,lecky,0,0,0,0,0
941552,RESOLVED FIXED,2013-11-21 03:09,2013-11-22 02:33,Gaia::System,unspecified,ARM Gonk (Firefox OS),-- normal,blocking-b2g: 1.3+,3,6,https://bugzilla.mozilla.org/show_bug.cgi?id=941552,,Eric Chang [:ericcc] [:echang],0,1,0,0,0
942967,RESOLVED DUPLICATE of,2013-11-25 11:26,2013-11-25 19:13,Hardware,unspecified,x86 Mac OS X,-- normal,,6,3,https://bugzilla.mozilla.org/show_bug.cgi?id=942967,,Dietrich Ayala (:dietrich),0,0,0,0,0
943313,RESOLVED FIXED,2013-11-26 03:38,2013-11-29 01:39,Gaia::UI Tests,unspecified,ARM Gonk (Firefox OS),P1 major,,6,5,https://bugzilla.mozilla.org/show_bug.cgi?id=943313,,Dave Hunt (:davehunt),0,0,0,0,0
943780,RESOLVED FIXED,2013-11-27 00:47,2013-11-28 00:13,Gaia::System,unspecified,ARM Gonk (Firefox OS),-- normal,blocking-b2g: 1.3+,4,8,https://bugzilla.mozilla.org/show_bug.cgi?id=943780,,Eric Chang [:ericcc] [:echang],0,0,0,0,0
944216,RESOLVED INVALID,2013-11-27 18:40,2013-12-01 19:20,Gaia::System,unspecified,All All,-- normal,,1,0,https://bugzilla.mozilla.org/show_bug.cgi?id=944216,,lecky,0,0,0,0,0
945146,UNCONFIRMED,2013-12-02 00:14,2013-12-15 22:53,General,unspecified,All All,-- normal,,4,3,https://bugzilla.mozilla.org/show_bug.cgi?id=945146,,lecky,0,0,0,0,0
946046,RESOLVED INVALID,2013-12-03 18:01,2014-04-15 02:13,Gaia::System,unspecified,ARM Gonk (Firefox OS),-- normal,,4,1,https://bugzilla.mozilla.org/show_bug.cgi?id=946046,,Eric Chang [:ericcc] [:echang],0,0,0,0,0
947331,RESOLVED FIXED,2013-12-06 10:05,2013-12-06 10:09,General,unspecified,x86_64 Linux,P1 normal,,2,2,https://bugzilla.mozilla.org/show_bug.cgi?id=947331,,Dave Huseby [:huseby],0,1,0,0,0
947617,RESOLVED FIXED,2013-12-07 09:20,2014-03-06 17:17,Gaia::Clock,unspecified,ARM Gonk (Firefox OS),P1 normal,,5,15,https://bugzilla.mozilla.org/show_bug.cgi?id=947617,,Dave Huseby [:huseby],0,0,0,0,1
947942,NEW,2013-12-09 08:01,2014-05-07 16:19,General,unspecified,ARM Gonk (Firefox OS),P3 normal,,12,4,https://bugzilla.mozilla.org/show_bug.cgi?id=947942,,Sotaro Ikeda [:sotaro],0,0,0,0,0
948154,RESOLVED WORKSFORME,2013-12-09 14:37,2014-01-22 13:20,Gaia::Settings,unspecified,ARM Gonk (Firefox OS),P2 normal,,4,1,https://bugzilla.mozilla.org/show_bug.cgi?id=948154,,Mason Chang [:mchang],1,0,0,0,0
951005,NEW,2013-12-16 18:26,2013-12-16 18:45,General,unspecified,ARM Gonk (Firefox OS),-- normal,,6,0,https://bugzilla.mozilla.org/show_bug.cgi?id=951005,,Danny Liang [:dliang],1,0,0,0,0
951012,RESOLVED INVALID,2013-12-16 18:53,2013-12-27 17:24,Gaia::Settings,unspecified,All All,-- normal,,1,0,https://bugzilla.mozilla.org/show_bug.cgi?id=951012,,lecky,0,0,0,0,0
951438,RESOLVED WORKSFORME,2013-12-17 15:36,2013-12-20 07:56,Gaia,unspecified,ARM Gonk (Firefox OS),-- normal,,3,7,https://bugzilla.mozilla.org/show_bug.cgi?id=951438,,Mason Chang [:mchang],0,0,0,0,0
951564,UNCONFIRMED,2013-12-18 01:05,2014-01-11 12:07,Gaia::System,unspecified,All All,-- normal,,1,1,https://bugzilla.mozilla.org/show_bug.cgi?id=951564,,berwe2501,0,0,0,0,0
960623,RESOLVED DUPLICATE of,2014-01-16 09:50,2014-04-14 12:42,Wifi,unspecified,ARM Gonk (Firefox OS),P2 normal,,8,3,https://bugzilla.mozilla.org/show_bug.cgi?id=960623,,vasanth,0,0,0,0,0
961909,UNCONFIRMED,2014-01-20 18:43,2014-01-27 00:25,Gaia::System,unspecified,ARM Gonk (Firefox OS),-- normal,blocking-b2g: backlog,7,1,https://bugzilla.mozilla.org/show_bug.cgi?id=961909,,童玮,0,1,0,0,0
962974,NEW,2014-01-22 22:51,2014-01-26 00:23,Gaia::Wappush,unspecified,ARM Gonk (Firefox OS),-- normal,,8,11,https://bugzilla.mozilla.org/show_bug.cgi?id=962974,,Enpei,1,1,0,0,0
963391,RESOLVED DUPLICATE of,2014-01-23 18:25,2014-04-15 10:27,Vendcom,unspecified,ARM Gonk (Firefox OS),P1 normal,blocking-b2g: 1.3T+,12,18,https://bugzilla.mozilla.org/show_bug.cgi?id=963391,,Vincent Liu[:vliu][PTO:6/22~6/27],1,0,0,0,0
964666,NEW,2014-01-28 00:52,2014-01-30 03:41,Gaia::System,unspecified,All All,P1 normal,,5,4,https://bugzilla.mozilla.org/show_bug.cgi?id=964666,,sync-1,0,0,0,0,0
967088,NEW,2014-02-03 10:22,2014-02-03 15:02,Gaia::System::Window Mgmt,unspecified,ARM Gonk (Firefox OS),-- normal,,4,3,https://bugzilla.mozilla.org/show_bug.cgi?id=967088,,Andrew Stole,0,0,0,0,0
967127,RESOLVED FIXED,2014-02-03 11:21,2014-02-03 14:55,General,unspecified,All All,P1 normal,,1,1,https://bugzilla.mozilla.org/show_bug.cgi?id=967127,,Dave Huseby [:huseby],0,0,0,0,0
968751,RESOLVED FIXED,2014-02-06 04:02,2014-04-09 21:08,Gaia::UI Tests,unspecified,Other Gonk (Firefox OS),P1 normal,,6,14,https://bugzilla.mozilla.org/show_bug.cgi?id=968751,,Zac C (:zac),0,0,0,0,1
968820,NEW,2014-02-06 07:14,2014-04-11 15:55,Gaia,unspecified,All Gonk (Firefox OS),-- normal,,3,2,https://bugzilla.mozilla.org/show_bug.cgi?id=968820,,Yura Zenevich [:yzen],0,1,0,0,0
969225,NEW,2014-02-06 19:27,2014-04-01 20:23,Gaia,unspecified,All All,P2 normal,,4,2,https://bugzilla.mozilla.org/show_bug.cgi?id=969225,,sync-1,0,0,0,0,0
970565,NEW,2014-02-10 14:10,2014-02-11 10:20,General,unspecified,x86 Linux,-- normal,,2,3,https://bugzilla.mozilla.org/show_bug.cgi?id=970565,,sarsenyev,0,0,0,0,0
972153,ASSIGNED,2014-02-12 19:13,2014-06-20 09:17,Gaia,unspecified,x86_64 Linux,P2 normal,,1,3,https://bugzilla.mozilla.org/show_bug.cgi?id=972153,,Hubert Figuiere [:hub] - on PTO for a bit.,0,1,0,0,0
972681,RESOLVED DUPLICATE of,2014-02-13 17:52,2014-02-13 23:06,Gaia::Dialer,unspecified,All All,P1 normal,,3,1,https://bugzilla.mozilla.org/show_bug.cgi?id=972681,,sync-1,0,0,0,0,0
973827,RESOLVED FIXED,2014-02-18 01:57,2014-06-13 16:12,Gaia::System,unspecified,x86 Mac OS X,-- normal,,6,17,https://bugzilla.mozilla.org/show_bug.cgi?id=973827,,Victoria Gerchinhoren [:vicky],1,1,0,0,1
975175,NEW,2014-02-20 15:39,2014-02-21 12:25,Gaia::Settings,unspecified,ARM Gonk (Firefox OS),-- normal,,2,2,https://bugzilla.mozilla.org/show_bug.cgi?id=975175,,Natalya Kot [:nkot],0,0,0,0,0
975185,NEW,2014-02-20 16:00,2014-02-24 09:10,Gaia::Settings,unspecified,ARM Gonk (Firefox OS),-- normal,,2,4,https://bugzilla.mozilla.org/show_bug.cgi?id=975185,,Brogan Zumwalt,0,0,0,0,0
975322,NEW,2014-02-21 00:07,2014-03-14 00:01,Gaia::Music,unspecified,All All,P2 normal,,5,4,https://bugzilla.mozilla.org/show_bug.cgi?id=975322,,sync-1,0,0,0,0,0
976011,RESOLVED WONTFIX,2014-02-24 03:42,2014-04-14 03:24,Gaia::Build,unspecified,ARM Gonk (Firefox OS),-- normal,,5,6,https://bugzilla.mozilla.org/show_bug.cgi?id=976011,,Carmen Jimenez Cabezas,1,0,0,0,0
976980,NEW,2014-02-26 01:07,2014-02-26 19:56,Vendcom,unspecified,All All,P1 normal,,3,2,https://bugzilla.mozilla.org/show_bug.cgi?id=976980,,sync-1,0,0,0,0,0
978485,RESOLVED WORKSFORME,2014-03-01 11:11,2014-06-12 16:52,Performance,unspecified,All Gonk (Firefox OS),P2 normal,,15,11,https://bugzilla.mozilla.org/show_bug.cgi?id=978485,,Fabrice Desré [:fabrice],1,0,0,0,0
979012,UNCONFIRMED,2014-03-03 15:07,2014-03-06 22:55,Gaia::System,unspecified,All All,-- normal,,13,6,https://bugzilla.mozilla.org/show_bug.cgi?id=979012,,FangChen,0,1,0,0,0
979130,RESOLVED FIXED,2014-03-03 20:25,2014-06-04 10:24,Gaia,unspecified,ARM Gonk (Firefox OS),P2 normal,blocking-b2g: 1.4+,7,9,https://bugzilla.mozilla.org/show_bug.cgi?id=979130,,Chuck Lee [:chucklee],0,1,0,0,0
981469,NEW,2014-03-09 19:22,2014-03-14 18:37,Gaia::Camera,unspecified,All All,P2 normal,,4,5,https://bugzilla.mozilla.org/show_bug.cgi?id=981469,,sync-1,0,0,0,0,0
981948,RESOLVED FIXED,2014-03-10 18:31,2014-03-29 08:36,Vendcom,unspecified,All All,-- normal,blocking-b2g: -,13,20,https://bugzilla.mozilla.org/show_bug.cgi?id=981948,,sam.hua,0,1,0,0,1
983668,VERIFIED WONTFIX,2014-03-14 07:42,2014-05-30 14:04,Gaia::System,unspecified,ARM Gonk (Firefox OS),-- normal,,2,1,https://bugzilla.mozilla.org/show_bug.cgi?id=983668,,Marcelino Veiga Tuimil [:sonmarce],0,1,0,0,0
983677,VERIFIED WONTFIX,2014-03-14 08:01,2014-05-30 14:04,Gaia::System,unspecified,ARM Gonk (Firefox OS),-- normal,,2,1,https://bugzilla.mozilla.org/show_bug.cgi?id=983677,,Marcelino Veiga Tuimil [:sonmarce],0,1,0,0,0
984543,NEW,2014-03-17 12:53,2014-03-17 12:55,Gaia::Settings,unspecified,ARM Gonk (Firefox OS),-- normal,,0,1,https://bugzilla.mozilla.org/show_bug.cgi?id=984543,,mclemmons,0,0,0,0,0
986018,NEW,2014-03-20 09:17,2014-03-20 09:17,Gaia::System,unspecified,All All,P2 normal,,2,0,https://bugzilla.mozilla.org/show_bug.cgi?id=986018,,sync-1,0,0,0,0,0
986031,RESOLVED WONTFIX,2014-03-20 09:42,2014-05-09 03:41,Gaia::UI Tests,unspecified,All All,-- normal,,3,5,https://bugzilla.mozilla.org/show_bug.cgi?id=986031,,Malini Das [:mdas],0,1,0,0,0
991453,VERIFIED FIXED,2014-04-02 20:07,2014-05-01 18:19,Gaia::Clock,unspecified,All All,P2 normal,,11,21,https://bugzilla.mozilla.org/show_bug.cgi?id=991453,,sync-1,0,0,0,0,2
991493,NEW,2014-04-02 23:42,2014-04-02 23:52,Gaia::System,unspecified,All All,P2 normal,,2,1,https://bugzilla.mozilla.org/show_bug.cgi?id=991493,,sync-1,0,0,0,0,0
992934,RESOLVED DUPLICATE of,2014-04-07 07:36,2014-04-07 21:13,Gaia::System,unspecified,ARM Gonk (Firefox OS),-- normal,,6,10,https://bugzilla.mozilla.org/show_bug.cgi?id=992934,,[:AndreiH],0,0,0,0,0
993549,NEW,2014-04-08 10:58,2014-04-08 10:58,Gaia::Settings,unspecified,ARM Gonk (Firefox OS),-- normal,,1,0,https://bugzilla.mozilla.org/show_bug.cgi?id=993549,,Joshua Mitchell,0,0,0,0,0
995008,NEW,2014-04-10 17:00,2014-04-11 08:56,Performance,unspecified,ARM Gonk (Firefox OS),P2 normal,,3,3,https://bugzilla.mozilla.org/show_bug.cgi?id=995008,,Dave Huseby [:huseby],0,0,0,0,0
997087,RESOLVED FIXED,2014-04-16 03:12,2014-05-20 20:30,Vendcom,unspecified,ARM Gonk (Firefox OS),-- normal,,10,8,https://bugzilla.mozilla.org/show_bug.cgi?id=997087,,Mike Lien[:mlien],0,1,0,0,0
997751,RESOLVED FIXED,2014-04-17 07:32,2014-04-20 21:16,Gaia::Homescreen,unspecified,x86 Mac OS X,-- normal,,5,6,https://bugzilla.mozilla.org/show_bug.cgi?id=997751,,GaryChen [:GaryChen][:PYChen][:陳柏宇],0,0,0,0,0
999720,RESOLVED WORKSFORME,2014-04-22 14:53,2014-04-25 09:19,Gaia::Music,unspecified,ARM Gonk (Firefox OS),-- normal,blocking-b2g: 1.3T+,6,9,https://bugzilla.mozilla.org/show_bug.cgi?id=999720,,jcastro,0,0,0,0,1
1000081,NEW,2014-04-23 03:56,2014-04-25 00:03,Gaia::Settings,unspecified,ARM Gonk (Firefox OS),-- normal,,2,3,https://bugzilla.mozilla.org/show_bug.cgi?id=1000081,,Panos Astithas [:past],0,0,0,0,0
1000691,RESOLVED FIXED,2014-04-23 21:52,2014-05-01 14:48,Gaia::Settings,unspecified,x86 Mac OS X,-- normal,blocking-b2g: 1.3T+,10,14,https://bugzilla.mozilla.org/show_bug.cgi?id=1000691,,Joe Cheng [:jcheng],0,0,0,0,0
1003431,RESOLVED WORKSFORME,2014-04-29 13:31,2014-05-12 20:02,Hardware,unspecified,ARM Gonk (Firefox OS),-- normal,blocking-b2g: -,8,14,https://bugzilla.mozilla.org/show_bug.cgi?id=1003431,,Naoki Hirata :nhirata (please use needinfo instead of cc),0,0,0,0,0
1004876,NEW,2014-05-01 19:07,2014-05-01 20:09,Gaia::Settings,unspecified,All All,P1 normal,,3,1,https://bugzilla.mozilla.org/show_bug.cgi?id=1004876,,sync-1,0,0,0,0,0
1005207,RESOLVED WORKSFORME,2014-05-02 10:38,2014-05-26 00:26,GonkIntegration,unspecified,ARM Gonk (Firefox OS),-- normal,blocking-b2g: 1.4+,13,24,https://bugzilla.mozilla.org/show_bug.cgi?id=1005207,,Roland Kunkel [:RolandK],0,0,0,0,0
1008104,NEW,2014-05-09 01:40,2014-05-26 01:39,RIL,unspecified,x86 Mac OS X,-- normal,blocking-b2g: backlog,4,10,https://bugzilla.mozilla.org/show_bug.cgi?id=1008104,,Vance Chen [:vchen][vchen&#64;mozilla.com],0,0,0,0,0
1008493,NEW,2014-05-09 17:47,2014-05-12 09:07,Gaia::System,unspecified,ARM Gonk (Firefox OS),-- normal,,2,1,https://bugzilla.mozilla.org/show_bug.cgi?id=1008493,,psiphantong,0,0,0,0,0
1008539,NEW,2014-05-10 02:17,2014-05-22 09:13,General,unspecified,ARM Gonk (Firefox OS),-- major,,1,1,https://bugzilla.mozilla.org/show_bug.cgi?id=1008539,,Kai-Zhen Li,0,0,0,0,0
1010066,UNCONFIRMED,2014-05-13 22:40,2014-05-27 18:59,Gaia::Settings,unspecified,ARM Gonk (Firefox OS),-- major,,2,0,https://bugzilla.mozilla.org/show_bug.cgi?id=1010066,,promise09th,0,0,0,0,0
1010638,ASSIGNED,2014-05-14 18:50,2014-06-24 13:42,Performance,unspecified,All Gonk (Firefox OS),P1 normal,blocking-b2g: 1.4+,20,48,https://bugzilla.mozilla.org/show_bug.cgi?id=1010638,,Jaemin Song,0,0,2,109 132,0
1010758,RESOLVED FIXED,2014-05-15 03:37,2014-06-11 12:36,Certification Suite,unspecified,ARM Gonk (Firefox OS),-- normal,,4,7,https://bugzilla.mozilla.org/show_bug.cgi?id=1010758,,Gnaneswar,0,1,0,0,0
1011805,RESOLVED FIXED,2014-05-16 17:22,2014-05-27 16:42,Vendcom,unspecified,ARM Gonk (Firefox OS),-- normal,,4,9,https://bugzilla.mozilla.org/show_bug.cgi?id=1011805,,mclemmons,0,0,0,0,0
1013066,NEW,2014-05-19 23:14,2014-06-25 19:22,GonkIntegration,unspecified,All All,-- normal,blocking-b2g: 1.3+,11,16,https://bugzilla.mozilla.org/show_bug.cgi?id=1013066,,Duan Xiaodong,0,0,1,51,0
1013734,NEW,2014-05-20 20:30,2014-06-26 09:27,Vendcom,unspecified,ARM Gonk (Firefox OS),-- normal,,15,15,https://bugzilla.mozilla.org/show_bug.cgi?id=1013734,,Mike Lien[:mlien],1,1,0,0,0
1015864,RESOLVED DUPLICATE of,2014-05-26 01:37,2014-05-28 06:18,General,unspecified,ARM Gonk (Firefox OS),-- normal,,1,1,https://bugzilla.mozilla.org/show_bug.cgi?id=1015864,,Al Tsai [:atsai],0,1,0,0,0
1017452,NEW,2014-05-28 23:56,2014-05-28 23:56,Gaia::System,unspecified,ARM Gonk (Firefox OS),-- normal,,0,0,https://bugzilla.mozilla.org/show_bug.cgi?id=1017452,,Al Tsai [:atsai],0,1,0,0,0
1018298,RESOLVED DUPLICATE of,2014-05-30 09:52,2014-05-31 04:52,Gaia::System::Window Mgmt,unspecified,ARM Gonk (Firefox OS),-- normal,,4,3,https://bugzilla.mozilla.org/show_bug.cgi?id=1018298,,Eric Chang [:ericcc] [:echang],0,0,0,0,0
1019348,NEW,2014-06-02 19:55,2014-06-25 10:03,Wifi,unspecified,ARM Gonk (Firefox OS),-- critical,,5,7,https://bugzilla.mozilla.org/show_bug.cgi?id=1019348,,panda67231,0,1,0,0,0
1020885,UNCONFIRMED,2014-06-05 02:56,2014-06-22 12:02,Hardware,unspecified,ARM Gonk (Firefox OS),-- normal,,3,0,https://bugzilla.mozilla.org/show_bug.cgi?id=1020885,,greatwall2686,0,1,0,0,0
1021486,NEW,2014-06-05 20:28,2014-06-24 22:52,Gaia::FMRadio,unspecified,Other Other,P1 blocker,blocking-b2g: backlog,13,11,https://bugzilla.mozilla.org/show_bug.cgi?id=1021486,,pcheng,0,0,1,13,0
1021656,NEW,2014-06-06 03:55,2014-06-08 20:24,Gaia::System,unspecified,ARM Gonk (Firefox OS),-- normal,,2,0,https://bugzilla.mozilla.org/show_bug.cgi?id=1021656,,greatwall2686,0,1,0,0,0
1022487,RESOLVED WORKSFORME,2014-06-08 23:11,2014-06-17 19:57,Gaia::System::Window Mgmt,unspecified,x86_64 Linux,-- normal,blocking-b2g: 2.0+,7,4,https://bugzilla.mozilla.org/show_bug.cgi?id=1022487,,Eric Chang [:ericcc] [:echang],0,0,0,0,0
1022878,RESOLVED FIXED,2014-06-09 13:11,2014-06-12 09:39,Gaia::System::Lockscreen,unspecified,ARM Gonk (Firefox OS),-- normal,blocking-b2g: 2.0+,10,9,https://bugzilla.mozilla.org/show_bug.cgi?id=1022878,,Brogan Zumwalt,0,1,0,0,0
1023008,RESOLVED WORKSFORME,2014-06-09 17:47,2014-06-13 22:29,Gaia::System,unspecified,ARM Gonk (Firefox OS),-- normal,,5,10,https://bugzilla.mozilla.org/show_bug.cgi?id=1023008,,Naoki Hirata :nhirata (please use needinfo instead of cc),0,0,0,0,0
1023465,NEW,2014-06-10 11:42,2014-06-10 21:43,Gaia::System,unspecified,x86 Mac OS X,-- normal,,1,1,https://bugzilla.mozilla.org/show_bug.cgi?id=1023465,,Peter deHaan [:pdehaan],0,0,0,0,0
1023728,UNCONFIRMED,2014-06-10 23:34,2014-06-22 10:46,Gaia::Settings,unspecified,ARM Gonk (Firefox OS),-- normal,,1,4,https://bugzilla.mozilla.org/show_bug.cgi?id=1023728,,panda67231,0,1,0,0,0
1024077,RESOLVED DUPLICATE of,2014-06-11 13:02,2014-06-11 14:51,Gaia::System,unspecified,ARM Gonk (Firefox OS),-- normal,,1,2,https://bugzilla.mozilla.org/show_bug.cgi?id=1024077,,psiphantong,0,0,0,0,0
1024384,NEW,2014-06-12 02:08,2014-06-25 06:35,Gaia::Settings,unspecified,ARM Gonk (Firefox OS),-- normal,,2,0,https://bugzilla.mozilla.org/show_bug.cgi?id=1024384,,Isabel Rios [:isabel_rios],0,0,0,0,0
1024834,NEW,2014-06-12 19:29,2014-06-12 19:43,Gaia::System::Window Mgmt,unspecified,ARM Gonk (Firefox OS),-- normal,,0,1,https://bugzilla.mozilla.org/show_bug.cgi?id=1024834,,Jukka Jylänki,0,0,0,0,0
1026153,RESOLVED FIXED,2014-06-16 14:11,2014-06-20 20:36,Gaia::Homescreen,unspecified,x86 Mac OS X,-- normal,,5,7,https://bugzilla.mozilla.org/show_bug.cgi?id=1026153,,jsavory,0,1,0,0,0
738529,RESOLVED FIXED,2012-03-22 19:24,2012-03-24 23:53,General,unspecified,All All,-- normal,,1,7,https://bugzilla.mozilla.org/show_bug.cgi?id=738529,,&lt;away until June 29&gt; Kan-Ru Chen [:kanru],1,0,1,60,0
739019,RESOLVED FIXED,2012-03-24 23:53,2012-03-25 00:39,General,unspecified,x86_64 Linux,-- normal,,3,2,https://bugzilla.mozilla.org/show_bug.cgi?id=739019,,Chris Jones [:cjones] mostly inactive; ni?/f?/r? if you need me,0,1,2,21 29,0
769220,RESOLVED DUPLICATE of,2012-06-28 05:14,2014-01-03 02:53,General,unspecified,ARM All,-- major,,6,3,https://bugzilla.mozilla.org/show_bug.cgi?id=769220,,Tony Chung [:tchung],0,0,0,0,0
776808,NEW,2012-07-23 21:38,2012-07-27 17:55,General,unspecified,x86 Mac OS X,-- normal,blocking-basecamp: -,6,7,https://bugzilla.mozilla.org/show_bug.cgi?id=776808,,Tony Chung [:tchung],1,0,0,0,0
796243,RESOLVED WORKSFORME,2012-10-01 18:04,2012-12-13 14:49,Gaia::System::Lockscreen,unspecified,All All,-- normal,blocking-basecamp: -,4,3,https://bugzilla.mozilla.org/show_bug.cgi?id=796243,,GH to BZ,0,0,0,0,0
796736,NEW,2012-10-01 23:12,2013-01-16 06:37,Gaia::System,unspecified,All All,-- normal,,4,3,https://bugzilla.mozilla.org/show_bug.cgi?id=796736,,GH to BZ,0,0,0,0,0
804468,VERIFIED FIXED,2012-10-22 22:32,2013-01-04 10:33,Gaia,unspecified,All All,P1 normal,blocking-basecamp: +,4,5,https://bugzilla.mozilla.org/show_bug.cgi?id=804468,,Tim Guan-tin Chien [:timdream] (MoCo-TPE) (please ni?),1,0,0,0,0
806668,RESOLVED DUPLICATE of,2012-10-29 19:32,2012-12-10 08:12,Hardware,unspecified,ARM Android,-- normal,blocking-basecamp: +,11,16,https://bugzilla.mozilla.org/show_bug.cgi?id=806668,,Lawrence Mandel [:lmandel],0,0,0,0,1
809098,NEW,2012-11-06 09:56,2012-11-07 19:00,General,unspecified,x86 Mac OS X,-- normal,,13,12,https://bugzilla.mozilla.org/show_bug.cgi?id=809098,,Justin Lebar (not reading bugmail),0,1,0,0,0
809994,VERIFIED FIXED,2012-11-08 12:24,2012-12-31 11:37,Gaia,unspecified,x86 Mac OS X,P1 normal,blocking-basecamp: +,8,6,https://bugzilla.mozilla.org/show_bug.cgi?id=809994,,Dietrich Ayala (:dietrich),0,0,0,0,0
811249,RESOLVED FIXED,2012-11-13 02:35,2012-12-03 11:07,Gaia::System,unspecified,x86_64 Linux,-- normal,blocking-basecamp: +,5,8,https://bugzilla.mozilla.org/show_bug.cgi?id=811249,,Etienne Segonzac (:etienne),0,0,1,303,0
811662,RESOLVED INCOMPLETE,2012-11-14 01:32,2012-11-14 04:35,Gaia,unspecified,x86_64 Linux,-- normal,,0,1,https://bugzilla.mozilla.org/show_bug.cgi?id=811662,,Julien Wajsberg [:julienw] (away June 21 to 30),0,0,0,0,0
818840,NEW,2012-12-06 02:37,2014-05-14 00:41,Gaia::System,unspecified,x86_64 Linux,-- normal,,2,1,https://bugzilla.mozilla.org/show_bug.cgi?id=818840,,Etienne Segonzac (:etienne),0,0,0,0,0
820130,VERIFIED FIXED,2012-12-10 13:39,2013-01-17 18:33,Gaia::Clock,unspecified,All Gonk (Firefox OS),P1 normal,blocking-basecamp: +,11,14,https://bugzilla.mozilla.org/show_bug.cgi?id=820130,,&lt;away until June 29&gt; Kan-Ru Chen [:kanru],0,0,0,0,0
821462,RESOLVED WORKSFORME,2012-12-13 13:24,2013-05-30 18:43,General,unspecified,x86 Mac OS X,P2 normal,blocking-basecamp: -,17,13,https://bugzilla.mozilla.org/show_bug.cgi?id=821462,,Lukas Blakk [:lsblakk],0,0,0,0,1
826151,RESOLVED WORKSFORME,2013-01-02 19:33,2013-04-15 08:44,Gaia::System::Lockscreen,unspecified,x86_64 Linux,-- normal,,0,2,https://bugzilla.mozilla.org/show_bug.cgi?id=826151,,Al Tsai [:atsai],0,0,0,0,0
827194,RESOLVED DUPLICATE of,2013-01-06 19:23,2014-01-16 08:43,Gaia::System,unspecified,ARM Gonk (Firefox OS),-- normal,,2,3,https://bugzilla.mozilla.org/show_bug.cgi?id=827194,,cyvins,0,0,0,0,0
830425,VERIFIED FIXED,2013-01-14 10:51,2013-02-14 14:39,General,unspecified,All Gonk (Firefox OS),-- normal,blocking-b2g: tef+,19,49,https://bugzilla.mozilla.org/show_bug.cgi?id=830425,,Jared Wein [:jaws] [Away for most of July] (please needinfo? me),1,1,1,116,0
846959,VERIFIED FIXED,2013-03-01 16:27,2013-04-03 16:24,Gaia::Calendar,unspecified,All All,-- normal,blocking-b2g: tef+,9,12,https://bugzilla.mozilla.org/show_bug.cgi?id=846959,,James Lal [:lightsofapollo] Unvailable until 6/30,0,0,0,0,0
851253,RESOLVED FIXED,2013-03-14 12:22,2013-04-24 14:11,General,unspecified,x86_64 Linux,-- normal,,7,13,https://bugzilla.mozilla.org/show_bug.cgi?id=851253,,Nikhil Marathe [:nsm] (needinfo? please),1,0,1,99,0
856543,RESOLVED FIXED,2013-04-01 00:45,2013-05-07 09:26,Gaia::Gallery,unspecified,ARM Gonk (Firefox OS),P2 normal,blocking-b2g: tef+,17,16,https://bugzilla.mozilla.org/show_bug.cgi?id=856543,,sync-1,0,1,0,0,0
859441,RESOLVED WORKSFORME,2013-04-08 11:50,2014-01-09 09:45,Gaia::System::Lockscreen,unspecified,x86 Mac OS X,-- normal,,3,3,https://bugzilla.mozilla.org/show_bug.cgi?id=859441,,Dietrich Ayala (:dietrich),0,0,0,0,0
865429,RESOLVED FIXED,2013-04-24 13:19,2013-06-21 15:18,Gaia::SMS,unspecified,All All,-- normal,blocking-b2g: tef+,7,15,https://bugzilla.mozilla.org/show_bug.cgi?id=865429,,Justin Lebar (not reading bugmail),1,0,0,0,0
867649,RESOLVED FIXED,2013-05-01 10:17,2013-06-24 08:59,Gaia::SMS,unspecified,All All,-- normal,blocking-b2g: tef+,7,14,https://bugzilla.mozilla.org/show_bug.cgi?id=867649,,Justin Lebar (not reading bugmail),1,1,0,0,0
867652,RESOLVED FIXED,2013-05-01 10:29,2013-05-14 17:44,Gaia::Calendar,unspecified,All All,-- normal,blocking-b2g: tef+,8,16,https://bugzilla.mozilla.org/show_bug.cgi?id=867652,,James Lal [:lightsofapollo] Unvailable until 6/30,0,0,0,0,0
867885,RESOLVED FIXED,2013-05-01 22:00,2013-05-29 15:47,Gaia::SMS,unspecified,All All,-- normal,,3,10,https://bugzilla.mozilla.org/show_bug.cgi?id=867885,,Justin Lebar (not reading bugmail),1,1,1,646,0
870444,NEW,2013-05-09 10:49,2013-05-09 11:39,General,unspecified,All All,-- normal,,2,1,https://bugzilla.mozilla.org/show_bug.cgi?id=870444,,Justin Lebar (not reading bugmail),0,0,0,0,0
872430,RESOLVED FIXED,2013-05-15 01:22,2013-06-21 02:41,General,unspecified,ARM Gonk (Firefox OS),P1 critical,blocking-b2g: leo+,14,37,https://bugzilla.mozilla.org/show_bug.cgi?id=872430,,leo.bugzilla.gecko,1,1,3,102 423 417,0
874668,RESOLVED WORKSFORME,2013-05-21 15:45,2013-08-27 02:36,Gaia::Dialer,unspecified,ARM Gonk (Firefox OS),-- normal,,8,11,https://bugzilla.mozilla.org/show_bug.cgi?id=874668,,Naoki Hirata :nhirata (please use needinfo instead of cc),0,0,0,0,0
885676,RESOLVED FIXED,2013-06-21 02:41,2013-07-11 02:18,Gaia::System,unspecified,ARM Gonk (Firefox OS),-- normal,,12,8,https://bugzilla.mozilla.org/show_bug.cgi?id=885676,,Alive Kuo [:alive][NEEDINFO!][OOO until 6/30],1,1,0,0,0
896830,RESOLVED DUPLICATE of,2013-07-22 18:38,2013-07-29 11:30,Gaia::Homescreen,unspecified,x86_64 Linux,-- normal,,1,4,https://bugzilla.mozilla.org/show_bug.cgi?id=896830,,Hubert Figuiere [:hub] - on PTO for a bit.,0,1,0,0,0
898707,RESOLVED INVALID,2013-07-26 21:09,2014-04-29 10:36,Vendcom,unspecified,All All,P1 blocker,blocking-b2g: hd+,14,29,https://bugzilla.mozilla.org/show_bug.cgi?id=898707,,DingYu,0,0,0,0,0
907028,NEW,2013-08-19 22:07,2014-03-04 02:53,Gaia::E-Mail,unspecified,x86 Mac OS X,-- normal,blocking-b2g: backlog,13,20,https://bugzilla.mozilla.org/show_bug.cgi?id=907028,,James Burke [:jrburke],1,0,0,0,0
907155,VERIFIED FIXED,2013-08-20 05:55,2013-12-23 00:18,Gaia::System,unspecified,All All,P1 blocker,blocking-b2g: hd+,13,115,https://bugzilla.mozilla.org/show_bug.cgi?id=907155,,lecky,0,0,2,123 21,1
908097,RESOLVED WORKSFORME,2013-08-22 01:02,2013-10-08 21:08,General,unspecified,All All,P2 normal,,1,0,https://bugzilla.mozilla.org/show_bug.cgi?id=908097,,lecky,0,0,0,0,0
911566,RESOLVED WORKSFORME,2013-09-01 07:17,2013-09-19 23:49,Gaia::System,unspecified,All All,-- normal,blocking-b2g: koi+,8,5,https://bugzilla.mozilla.org/show_bug.cgi?id=911566,,Michael Diener,0,1,0,0,0
916730,RESOLVED FIXED,2013-09-16 04:15,2013-11-23 10:02,Gaia::System,unspecified,x86_64 Linux,-- normal,blocking-b2g: -,6,6,https://bugzilla.mozilla.org/show_bug.cgi?id=916730,,Ben Francis [:benfrancis],0,0,0,0,0
917261,UNCONFIRMED,2013-09-17 05:30,2013-10-27 22:38,General,unspecified,All All,P1 critical,,6,18,https://bugzilla.mozilla.org/show_bug.cgi?id=917261,,lecky,0,0,0,0,0
933711,RESOLVED FIXED,2013-11-01 05:22,2013-12-05 18:18,General,unspecified,ARM Gonk (Firefox OS),P1 blocker,blocking-b2g: hd+,20,65,https://bugzilla.mozilla.org/show_bug.cgi?id=933711,,lecky,0,1,1,634,0
942967,RESOLVED DUPLICATE of,2013-11-25 11:26,2013-11-25 19:13,Hardware,unspecified,x86 Mac OS X,-- normal,,6,3,https://bugzilla.mozilla.org/show_bug.cgi?id=942967,,Dietrich Ayala (:dietrich),0,0,0,0,0
944845,UNCONFIRMED,2013-11-29 20:09,2014-02-26 22:17,General,unspecified,All All,P2 major,,2,3,https://bugzilla.mozilla.org/show_bug.cgi?id=944845,,lecky,0,0,0,0,0
945075,RESOLVED INVALID,2013-12-01 18:18,2013-12-16 20:45,Wifi,unspecified,All All,P2 critical,blocking-b2g: hd?,5,2,https://bugzilla.mozilla.org/show_bug.cgi?id=945075,,lecky,0,0,0,0,0
964196,RESOLVED FIXED,2014-01-27 02:01,2014-02-05 09:55,NFC,unspecified,ARM Gonk (Firefox OS),-- normal,,2,2,https://bugzilla.mozilla.org/show_bug.cgi?id=964196,,Thomas Zimmermann [:tzimmermann] [:tdz],0,0,0,0,0
971183,NEW,2014-02-11 11:59,2014-02-12 08:37,Gaia::E-Mail,unspecified,x86 Mac OS X,-- normal,,1,1,https://bugzilla.mozilla.org/show_bug.cgi?id=971183,,James Burke [:jrburke],0,0,0,0,0
974835,UNCONFIRMED,2014-02-20 02:14,2014-02-20 11:54,Vendcom,unspecified,All All,-- normal,blocking-b2g: -,2,2,https://bugzilla.mozilla.org/show_bug.cgi?id=974835,,Flaburgan,0,0,0,0,0
976331,NEW,2014-02-24 15:15,2014-06-15 04:41,Gaia::System::Lockscreen,unspecified,All All,-- normal,,2,5,https://bugzilla.mozilla.org/show_bug.cgi?id=976331,,Pierre Rudloff,0,0,0,0,0
990435,RESOLVED FIXED,2014-03-31 23:24,2014-05-28 03:19,Gaia::Homescreen,unspecified,Other Gonk (Firefox OS),-- normal,blocking-b2g: 1.3T+,16,46,https://bugzilla.mozilla.org/show_bug.cgi?id=990435,,pcheng,1,0,0,0,2
995886,RESOLVED FIXED,2014-04-14 00:18,2014-06-26 02:11,Gaia::Homescreen,unspecified,Other Gonk (Firefox OS),-- normal,blocking-b2g: 1.3T+,29,89,https://bugzilla.mozilla.org/show_bug.cgi?id=995886,,pcheng,0,1,3,283 87 166,2
998209,REOPENED,2014-04-17 23:14,2014-06-12 02:35,Gaia::Clock,unspecified,ARM Gonk (Firefox OS),-- normal,blocking-b2g: backlog,8,21,https://bugzilla.mozilla.org/show_bug.cgi?id=998209,,Julien Wajsberg [:julienw] (away June 21 to 30),0,0,0,0,1
999390,NEW,2014-04-22 05:23,2014-04-22 05:23,Gaia::First Time Experience,unspecified,All All,-- normal,,1,0,https://bugzilla.mozilla.org/show_bug.cgi?id=999390,,Jan Keromnes [:janx],0,0,0,0,0
1001806,NEW,2014-04-26 01:57,2014-06-23 19:32,Gaia::System,unspecified,All All,P1 normal,,5,9,https://bugzilla.mozilla.org/show_bug.cgi?id=1001806,,sync-1,0,0,0,0,0
1013066,NEW,2014-05-19 23:14,2014-06-25 19:22,GonkIntegration,unspecified,All All,-- normal,blocking-b2g: 1.3+,11,16,https://bugzilla.mozilla.org/show_bug.cgi?id=1013066,,Duan Xiaodong,0,0,1,51,0
1016833,NEW,2014-05-28 00:31,2014-06-25 16:19,Gaia::Dialer,unspecified,ARM Gonk (Firefox OS),-- normal,,4,3,https://bugzilla.mozilla.org/show_bug.cgi?id=1016833,,panda67231,0,1,0,0,0
1020885,UNCONFIRMED,2014-06-05 02:56,2014-06-22 12:02,Hardware,unspecified,ARM Gonk (Firefox OS),-- normal,,3,0,https://bugzilla.mozilla.org/show_bug.cgi?id=1020885,,greatwall2686,0,1,0,0,0
1024341,NEW,2014-06-12 00:45,2014-06-22 11:30,Gaia::Dialer,unspecified,ARM Gonk (Firefox OS),-- normal,,1,0,https://bugzilla.mozilla.org/show_bug.cgi?id=1024341,,greatwall2686,0,1,0,0,0
